id,update,category,media,date,title,url,is_deleted,alternative,archive,old_name
587,02-09,narrative,小山狗,01-28,记录一下首次发现新型冠状病毒的经历,,TRUE,https://archive.is/DpZkX,https://archive.is/DpZkX,narr-shangou-1
586,02-09,narrative,海螺社区,02-05,人压抑到极点，只想大哭一场——一个武汉市民的生活日记,https://mp.weixin.qq.com/s/CFeiHbqFxKVp-fgFDhUA_w,,,http://archive.ph/kKjZK,narr-hailuo-1
585,02-09,narrative,海螺社区,02-08,路上三日，洪湖两日——一个湖北人的返乡探亲日记,https://mp.weixin.qq.com/s/ylcMKoYdzL05-ZvGVIRW6g,,,http://archive.ph/S1Fy0,
584,02-09,non_fiction,在人间living,02-09,《我不是药神》抗疫版,https://mp.weixin.qq.com/s/2K2AohmpAU9pFWfV3sH96g,,,http://archive.is/csUof,living-13
583,02-09,non_fiction,人物,02-09,在高速公路上漂流,https://mp.weixin.qq.com/s/4i9y3fyvnzdaitDdNn5Pyw,,,http://archive.is/ToCFg,renwu-25
582,02-09,non_fiction,北青深一度,02-08,被声讨的“晋江毒王”：感到很抱歉，可我没撒谎,,TRUE,https://mp.weixin.qq.com/s/bJH5M8ZH05x4OasdXiJ72w,https://archive.is/UgYVA,beiqing-17
581,02-08,narrative,三明治,01-29,特殊时期要囤粮吗？我和伴侣有分歧｜三明治武汉每日书06,https://mp.weixin.qq.com/s/0VpS4viDqQy8mwvENZtoCw,,,http://archive.is/DkYHK,narr-sandwich-6
580,02-08,narrative,三明治,01-30,自我隔离的日子，我和我的“疑病症”母亲 | 三明治武汉每日书07,https://mp.weixin.qq.com/s/-8yK2nLtmXANCayDWlnIyA,,,http://archive.is/ryYvL,narr-sandwich-7
579,02-08,narrative,三明治,01-31,封城时刻，如何点一份令人放心的外卖 | 武汉每日书08,https://mp.weixin.qq.com/s/U94WYIYyjXk1vy9r2t_hQg,,,http://archive.is/sBDws,narr-sandwich-8
578,02-08,narrative,三明治,02-01,“冒昧问一句，你这次回国没去过武汉吧？” | 美国南部的“肺炎”日记,https://mp.weixin.qq.com/s/mVDZDnsb2kj05DG08BjfVg,,,http://archive.is/GsXJP,narr-sandwich-9
577,02-08,narrative,三明治,02-02,身在武汉，“半个”疫情志愿者的困惑 | 武汉日常每日书 09,https://mp.weixin.qq.com/s/YBQatn1Vkc_EKoBp3mIb2g,,,http://archive.is/iUXlR,narr-sandwich-10
576,02-08,narrative,三明治,02-03,在新加坡，确诊”肺炎“病患的前居住地，离我不远 | 童言专栏,https://mp.weixin.qq.com/s/AyfKYhhvQJrWMS_qIVlR4g,,,http://archive.is/D4UD5,narr-sandwich-11
575,02-08,narrative,三明治,02-03,禁令生效前，爷爷还是没有赶上赴美的航班 | 三明治,https://mp.weixin.qq.com/s/x6ukDPOOpATTcCUGeE_MHg,,,http://archive.is/E7zEM,narr-sandwich-12
574,02-08,narrative,三明治,02-04,在北京郊区，“新村民”的我差点回不了家 | 三明治,https://mp.weixin.qq.com/s/b2b9Ldf1_9BED61tvwrKsA,,,http://archive.is/gwUf7,narr-sandwich-13
573,02-08,narrative,三明治,02-04,他从武汉回家乡，被当成了“瘟神” | 武汉每日书 10,https://mp.weixin.qq.com/s/GvIiEl2ztd1GbDd0VBiWpg,,,http://archive.is/tlzsN,narr-sandwich-14
572,02-08,narrative,三明治,02-05,江西十八线县城过年记：没有人可以被时代幸免 | 三明治,https://mp.weixin.qq.com/s/KOzaWeU3c_kj7nTerPEUOQ,,,http://archive.is/vqTub,narr-sandwich-15
571,02-08,narrative,三明治,02-05,封城满14天了，我们的生活还在继续 | 三明治武汉每日书11,https://mp.weixin.qq.com/s/32gxKX-fRw4NVc4Wxzp2hA,,,http://archive.is/7SS6d,narr-sandwich-16
570,02-08,narrative,三明治,02-06,封城第十五天，“今天也是，体温正常” | 三明治武汉每日书 12,https://mp.weixin.qq.com/s/TpA1NlS51T096VHC8PPLTw,,,http://archive.ph/coubA,narr-sandwich-17
569,02-08,narrative,三明治,02-07,生活还要继续，但如果没有菜了…… ｜三明治武汉每日书13,https://mp.weixin.qq.com/s/5npU4Nr-t1riMnlBLffwQg,,,http://archive.ph/Km6Gu,narr-sandwich-18
568,02-08,narrative,腾讯新闻《潜望》,01-28,武汉封城五日记：人与人之间不再信任 一天换了三套衣服,https://mp.weixin.qq.com/s/UsTn-zcsZ_hjfmsIbj4WjQ,,,http://archive.ph/rl5zj,narr-qianwang-1
567,02-08,narrative,单读,01-24,武汉不是一个论据，生命也不是,https://mp.weixin.qq.com/s/70ppW1K28TXBcPWjcjpX-A,,,http://archive.today/lZ4ND,narr-dandu-1a
566,02-08,narrative,单读,01-28,又活了一日,https://mp.weixin.qq.com/s/BkM4jgEAWSxXmf5ZzLhEHQ,,,http://archive.today/RTng9,narr-dandu-1b
565,02-08,narrative,单读,02-02,我厌恶这样的懦弱,https://mp.weixin.qq.com/s/HUT_zOoZGZDHgb7HkrsCmw,,,http://archive.today/7P1vU,narr-dandu-1c
564,02-08,narrative,硝美丽,01-26,一个独居女性的武汉封城日记|1月23—26日,https://mp.weixin.qq.com/s/Vnv77rXEKcJWcMdmtsuPBA,,,http://archive.today/b7PCE,narr-xiaomeili-1
563,02-08,narrative,硝美丽,01-29,在孤城中重新寻找我的位置|郭晶的武汉封城日记|27—29日,https://mp.weixin.qq.com/s/Q8EcNvdo3CH4aV2wC5T2fQ,,,http://archive.today/cAmei,narr-xiaomeili-2
562,02-08,narrative,硝美丽,02-01,与无力感共处|郭晶的武汉封城日记|1/30-2/1,https://mp.weixin.qq.com/s/RWpZvANAzEoSbx-RtAe2-w,,,http://archive.today/XnDVS,narr-xiaomeili-3
561,02-08,narrative,硝美丽,02-04,人可以被困住，但不能因此停住|郭晶的武汉封城日记|2/2-2/4,https://mp.weixin.qq.com/s/wo-nfXfThWOWVnejj2U1fA,,,http://archive.today/dkiaD,narr-xiaomeili-4
560,02-08,narrative,阑夕,01-26,武汉封城日记（上，第一至三天）,https://mp.weixin.qq.com/s/CaYLixxJAYcmmsvaZS6anw,,,http://archive.today/M5vCz,narr-lanxi-1
559,02-08,narrative,阑夕,01-27,武汉封城日记｜第四天,https://mp.weixin.qq.com/s/lD6pyYvHs0VeMI7XY5HbBA,,,http://archive.today/1ZuQD,narr-lanxi-2
558,02-08,narrative,阑夕,01-27,武汉封城日记｜第五天,https://mp.weixin.qq.com/s/kCtzW8GROlIKZbXLrv9JqQ,,,http://archive.today/219Rk,narr-lanxi-3
557,02-08,narrative,阑夕,01-28,武汉封城日记｜第六天,https://mp.weixin.qq.com/s/R5alEj3NuDT5_Qg2ECHvfg,,,http://archive.today/ErusF,narr-lanxi-4
556,02-08,narrative,阑夕,01-29,武汉封城日记｜第七天,https://mp.weixin.qq.com/s/GWnTHjgyWdGkGb1bwVlXEA,,,http://archive.today/sFugG,narr-lanxi-5
555,02-08,narrative,阑夕,01-30,武汉封城日记｜第八天,https://mp.weixin.qq.com/s/v-G_WC5BwZeqZCeMfa3jhg,,,http://archive.today/HztuK,narr-lanxi-6
554,02-08,narrative,阑夕,01-31,武汉封城日记｜第九天,https://mp.weixin.qq.com/s/lJREh8cS5F70H3233UyP7g,,,http://archive.today/lvkZs,narr-lanxi-7
553,02-08,narrative,阑夕,02-01,武汉封城日记｜第十天,https://mp.weixin.qq.com/s/uLcRP-IdhL0WRsnnsFLwdw,,,http://archive.today/K8FoO,narr-lanxi-8
552,02-08,narrative,阑夕,02-02,武汉封城日记｜第十一天,https://mp.weixin.qq.com/s/0UhnFKnFNONv2P0SR5DJMQ,,,http://archive.today/aLZOa,narr-lanxi-9
551,02-08,narrative,阑夕,02-03,武汉封城日记｜第十二天,https://mp.weixin.qq.com/s/tNqOLYMdhvSFcQS9FER44A,,,http://archive.today/NdZqc,narr-lanxi-10
550,02-08,narrative,阑夕,02-04,武汉封城日记｜第十三天,https://mp.weixin.qq.com/s/KkKm-V2UUCIlUcNs1iiQRA,,,http://archive.today/qID2V,narr-lanxi-11
549,02-08,narrative,阑夕,02-05,武汉封城日记｜第十四天,https://mp.weixin.qq.com/s/FSr0gi5Q9OA4BdjCVUBynA,,,http://archive.today/QlYsh,narr-lanxi-12
548,02-08,narrative,阑夕,02-06,武汉封城日记｜第十五天,https://mp.weixin.qq.com/s/RVwPNgD1u2XdC1ITZlaYjA,,,http://archive.today/fZiRD,narr-lanxi-13
547,02-08,narrative,阑夕,02-07,武汉封城日记｜第十六天,https://mp.weixin.qq.com/s/g69dYPPiM52-RAaoqn1FuQ,,,http://archive.ph/IbSnz,narr-lanxi-14
546,02-08,narrative,在人间living,01-27,疫区影像日记（一）,https://mp.weixin.qq.com/s/ZqBL5bV94EtXFTCxPEQaKw,,,http://archive.today/XrSfU,narr-living-1
545,02-08,narrative,在人间living,02-01,疫区影像日记（二）：封城之后，我免费接送医护人员上下班,https://mp.weixin.qq.com/s/6-JLtsWVDArwITy5Z-VTpw,,,http://archive.today/rikIx,narr-living-2
544,02-08,narrative,在人间living,02-07,疫区影像日记（三）：4个离家和回家的故事,https://mp.weixin.qq.com/s/ZgnJOdEMAoo2HgJvcnpc7A,,,http://archive.is/qoDKr,narr-living-3
543,02-08,narrative,三联生活周刊,01-23,除夕夜，浙江一线医护人员给孩子的一封信,https://mp.weixin.qq.com/s/Cqpx5LpRy2Kcu7x4JsOjrQ,,,http://archive.ph/wip/p7bUd,narr-sanlian-1
542,02-08,narrative,在人间living,01-24,武汉封城第一天,https://mp.weixin.qq.com/s/I_zoCI70yBATOAQeuK4GlA,,,http://archive.ph/A14yt,narr-living-4
541,02-08,narrative,在人间living,01-25,武汉年夜饭,https://mp.weixin.qq.com/s/-S3uTcycp6uPcCZNKi8Nsw,,,http://archive.ph/fnQIV,narr-living-5
540,02-08,narrative,冰点周刊,01-25,一位武汉妈妈的除夕日志：今年年夜饭有消毒水味道,https://mp.weixin.qq.com/s/lQOnRQhpt-fK1nLSUfgxZA,,,http://archive.ph/GNL5j,narr-bingdian-1
539,02-08,narrative,冰点周刊,01-26,我的县城防疫笔记：200个口罩也不能让我安心,https://mp.weixin.qq.com/s/p6itVMxOUzvrCv8E6fciFw,,,http://archive.ph/6q6uF,narr-bingdian-2
538,02-08,narrative,在人间living,01-26,封城前从武汉返回深圳，我主动向社区做了隔离报备,https://mp.weixin.qq.com/s/t0B3o0o6pjq94F4WquZaQw,,,http://archive.ph/zEnFz,narr-living-6
537,02-08,narrative,在人间living,01-26,一个湖北母亲的三天三夜,https://mp.weixin.qq.com/s/t2_pedYXIxbkflmORX-tCw,,,http://archive.ph/V9I2Q,narr-living-7
536,02-08,narrative,单读,01-27,武汉人不是病毒,https://mp.weixin.qq.com/s/dovLia-Uxt7cqDoIN0mTnA,,,http://archive.ph/wip/9Hzkn,narr-dandu-2
535,02-08,narrative,南方周末/南方人物周刊,01-28,回家过年，我遇到了“封村”,https://mp.weixin.qq.com/s/RMylxhOvEokvaT-Xy23Lpg,,,http://archive.ph/wip/ltzwm,narr-nanfang-1
534,02-08,narrative,南方周末/南方人物周刊,01-28,从武汉返回后的第20天，我在隔离病房独自过年,https://mp.weixin.qq.com/s/V8bGDfT3F5xXkpEpW4EH0A,,,http://archive.ph/xFLYI,narr-nanfang-2
533,02-08,narrative,南方周末/南方人物周刊,01-28,在我家，恐慌未必都是坏事,https://mp.weixin.qq.com/s/OWQCYW3uhVdIb-YPct5QPA,,,http://archive.ph/5ecdf,narr-nanfang-3
532,02-08,narrative,单读,01-28,防疫物资之困,https://mp.weixin.qq.com/s/bJzky6UC39Jvf6_mJCecXQ,,,http://archive.ph/QDFbc,narr-dandu-3
531,02-08,narrative,单读,01-29,我的春节寻宝游戏：去找武汉车,https://mp.weixin.qq.com/s/F_cCH6G_0Zmhvkz3okLOBA,,,http://archive.ph/wip/Ip7LC,narr-dandu-4
530,02-08,narrative,单读,01-29,不要让离开武汉的人再次绝望,https://mp.weixin.qq.com/s/bZwNSdoZbHsODqstR4440g,,,http://archive.ph/dgLer,narr-dandu-5
529,02-08,narrative,江与湖,01-29,黄冈：疫区副中心的春节,https://mp.weixin.qq.com/s/RK6qV-_qstMj-VlVUeJ1yA,,,http://archive.ph/2eGYN,narr-jiangyuhu-1
528,02-08,narrative,江与湖,02-06,疫区黄冈：葬礼，口罩与尿不湿,https://mp.weixin.qq.com/s/9LWIiXCgVZSon_Vtkq994A,,,http://archive.ph/sOUOq,narr-jiangyuhu-2
527,02-08,narrative,人间theLivings,01-29,为了能去支援武汉，护士妻子取消了我们的婚礼,https://mp.weixin.qq.com/s/E9mAeW1PpPG1jSg3UbRvDQ,,,http://archive.ph/e3mbt,narr-renjian-1
526,02-08,narrative,人间theLivings,01-30,风暴眼中武汉人：我再也忍不住失声痛哭,https://mp.weixin.qq.com/s/rgJTnLr4MWyqfjfVVXlO2w,,,http://archive.ph/aIsRY,narr-renjian-2
525,02-08,narrative,单读,01-30,一位武汉外卖员的自述,https://mp.weixin.qq.com/s/VoEt-k6HTq-lEUgKa9R5IQ,,,http://archive.ph/PbsSa,narr-dandu-6
524,02-08,narrative,单读,01-31,在黄冈，一个父亲的责任,https://mp.weixin.qq.com/s/aX_jN2i92FNu639YDrcItg,,,http://archive.ph/wip/isiOO,narr-dandu-7
523,02-08,narrative,单读,02-01,封城一周，湖北人过得怎么样,https://mp.weixin.qq.com/s/1VZO_q23C9xf4VoDf30EVQ,,,http://archive.ph/TRDp9,narr-dandu-8
522,02-08,narrative,在人间living,02-01,一个武汉心理咨询师这样剥离自己的恐慌,https://mp.weixin.qq.com/s/DLoyW4pJWRjb4aTGhhHo7A,,,http://archive.ph/vgX1u,narr-living-8
521,02-08,narrative,人间theLivings,02-01,在被封住的村子里，我们就这样过完了年,https://mp.weixin.qq.com/s/iQAtu9C4KKjw4nOLDgOp_Q,,,http://archive.ph/wjC2b,narr-renjian-3
520,02-08,narrative,二毛的杂笔,02-02,杂忆与杂写| 香港 我 除夕的隔离室,https://mp.weixin.qq.com/s/-DQCqbaf81rL82YV0kHJZA,,,http://archive.ph/xmh2S,narr-ermao-1
519,02-08,narrative,央视新闻,02-03,城中十日：一个武汉隔离者的自述,https://mp.weixin.qq.com/s/V_d06OF1djSpU2vTy-U8vg,,,http://archive.ph/yoW3z,narr-yangshi-1
518,02-08,narrative,三联生活周刊,02-03,吾心安处即是家,https://mp.weixin.qq.com/s/YOrDRRZfopRdVHUqcs926Q,,,http://archive.ph/lAhQT,narr-sanlian-2
517,02-08,narrative,单读,02-03,疫情下的“小香港”，终归还是那个小县城,https://mp.weixin.qq.com/s/8nyCJtut3u2mvQ45MYO1dw,,,http://archive.ph/C9Av9,narr-dandu-9
516,02-08,narrative,人间theLivings,02-03,在疫情面前，小镇上的每个人都不一样,https://mp.weixin.qq.com/s/QFpKtpIE6A-VoHH_lYcD3A,,,http://archive.ph/wip/nzCnh,narr-renjian-4
515,02-08,narrative,在人间living,02-04,武汉封城后，有人在阳台喊话：“对面的，把窗户打开吵个架”,https://mp.weixin.qq.com/s/5JN_WdZgfwsnOMixZu4nvw,,,http://archive.ph/Yvnrh,narr-living-9
514,02-08,narrative,人间theLivings,02-05,大年三十，父母送我们离开了湖北老家,https://mp.weixin.qq.com/s/Fc20d0dPVopFtUqL-vcdhw,,,http://archive.ph/wip/DwgB2,narr-renjian-5
513,02-08,narrative,单读,02-06,三千里自驾返京记,https://mp.weixin.qq.com/s/PoQ-tAkZ6ltZg5Zz_owDww,,,http://archive.ph/wip/QkVOI,narr-dandu-10
512,02-08,narrative,人间theLivings,02-06,武汉的餐饮人：在这个冬天等春天,https://mp.weixin.qq.com/s/tJm5hN_Z8weDwU28yqWwwQ,,,http://archive.is/Flj7S,narr-renjian-6
511,02-08,narrative,冰点周刊,02-06,500万人离开武汉，我是其中之一,https://mp.weixin.qq.com/s/XwGAE0pOFF0GncN-IJlNhg,,,http://archive.ph/vPgvG,narr-bingdian-3
510,02-08,narrative,人间theLivings,02-07,直到离开家时，我才真切感受到了恐惧,https://mp.weixin.qq.com/s/3BP67dNkLmlFXy9D1PNz4A,,,http://archive.is/7VsCj,narr-renjian-7
509,02-08,non_fiction,全民故事计划,01-26,身在武汉：此刻的我在经历着什么,https://mp.weixin.qq.com/s/3Oce6xJj27f_fHcV1DF7Dw,,,http://archive.is/lC0J5,quanmin-1
508,02-08,non_fiction,全民故事计划,01-29,封城后的黄冈：确诊病例仅次武汉,https://mp.weixin.qq.com/s/hSvrH8ACUSYn-uU5leE8wQ,,,http://archive.is/6qirF,quanmin-2
507,02-08,non_fiction,全民故事计划,01-31,封城后的鄂州：这里没有太多新闻,https://mp.weixin.qq.com/s/XyhH_y9d4qOfURRmFnGkAg,,,http://archive.is/b4Om7,quanmin-3
506,02-08,non_fiction,消费新声,01-28,「武汉加油」：疫情中的日本援手｜特别报道,https://mp.weixin.qq.com/s/3DITpZpG7BBubhrqeB4uWQ,,,http://archive.ph/r6sWX,xiaofei-1
505,02-08,non_fiction,消费新声,01-31,我在医护出行互助群的72小时 | 武汉人①,https://mp.weixin.qq.com/s/U-5u6p5lY6pdjQo0epH6dg,,,http://archive.ph/gksKY,xiaofei-2
504,02-08,non_fiction,消费新声,02-01,一场属于2020年的互联网营救活动｜武汉人②,https://mp.weixin.qq.com/s/lMQrzUF3WYoV0S2TNTPrtA,,,http://archive.ph/verY2,xiaofei-3
503,02-08,non_fiction,消费新声,02-02,抗疫时期的中国舆论场②：从局面到「人」,https://mp.weixin.qq.com/s/ewmHlr1BXEtQYTREmvpvZg,,,http://archive.ph/ku6NK,xiaofei-4
502,02-08,non_fiction,消费新声,02-04,被家乡推开的人 | 武汉人③,https://mp.weixin.qq.com/s/XC4M2XxoCQ9qoDv9Ry-eaA,,,http://archive.ph/EKSSU,xiaofei-5
501,02-08,non_fiction,消费新声,02-04,寂静动物城 | 武汉人④,https://mp.weixin.qq.com/s/5fDZH2MO0d_IV5PXr7PRvA,,,http://archive.ph/hcSuW,xiaofei-6
500,02-08,non_fiction,消费新声,02-05,物资告急那几天，四位女生在城里「补缺」丨武汉人⑤,https://mp.weixin.qq.com/s/9bFxtqwIIBLdPu9hcUnmwg,,,http://archive.ph/oW7th,xiaofei-7
499,02-08,non_fiction,三明治,02-02,火神山医院一位工程师在完工后的口述,https://mp.weixin.qq.com/s/R6hS_OimJrBaqD1bZL4FeQ,,,http://archive.is/rgfrp,sandwich-1
498,02-08,non_fiction,一条,01-24,武汉肺炎疫情成全球焦点：我们知道得太少，最坏的还没到来,https://mp.weixin.qq.com/s/FwV1ejfNicMtSfWNc2lv7w,,,http://archive.ph/HfypJ,yitiao-3
497,02-08,non_fiction,一条,01-25,让信息快速流通，是我们对抗疫情的最好方式,https://mp.weixin.qq.com/s/5fvDG_P3YxbAPdTiQLUpSw,,,http://archive.ph/O7Sac,yitiao-4
496,02-08,non_fiction,一条,02-01,武汉疫情被全球通报后，华人都遭遇了什么？,https://mp.weixin.qq.com/s/Af5zLuSQwitz-VZhKgqUBg,,,http://archive.ph/PoPLs,yitiao-5
495,02-08,non_fiction,一条,02-02,保护逆行天使：绕开红会，他们点对点把物资送进了武汉周边医院,https://mp.weixin.qq.com/s/-DOE0RYGsVgOcbjY1NOCpw,,,http://archive.ph/mkNfF,yitiao-6
494,02-08,non_fiction,一条,02-03,封城10日，武汉人的自救行动,https://mp.weixin.qq.com/s/_XMt7zbvFMH2Zif7yVZBKA,,,http://archive.ph/Sd5Jb,yitiao-7
493,02-08,non_fiction,一条,02-04,封城11日，武汉众生图,https://mp.weixin.qq.com/s/YSIb6E0G7-6Wy6PMPRYoeg,,,http://archive.ph/sdZ0t,yitiao-8
492,02-08,non_fiction,一条,02-05,火神山医院，大有玄机！,https://mp.weixin.qq.com/s/nnaIFG9Y48gyP3FyRLdlBw,,,http://archive.ph/NTcpG,yitiao-9
491,02-08,non_fiction,一条,02-06,武汉女孩得肺炎后写遗书，在家隔离16天治愈,https://mp.weixin.qq.com/s/ht-0jMhVeAo-S8yIJGuMlA,,,http://archive.ph/hHaRO,yitiao-10
490,02-08,non_fiction,一条,02-07,疫情爆发之初，一对武汉母女的生死20天,https://mp.weixin.qq.com/s/gTVDbZD3Lot6F9Pap2La2w,,,http://archive.ph/OC8l1,yitiao-11
489,02-08,non_fiction,腾讯新闻《潜望》,01-27,“武汉小汤山”迅速建设一面：三大运营商如何联手铺设5G网络,https://mp.weixin.qq.com/s/jKHJEQk3BkAR9sb8EAqqWg,,,http://archive.ph/lChez,qianwang-1
488,02-08,non_fiction,腾讯新闻《潜望》,01-29,小米驰援湖北 驰援武汉：一家公司如何组织救援“供应链”？,https://mp.weixin.qq.com/s/L3P6EwBcDIwwfbkYX-5f2Q,,,http://archive.ph/orxci,qianwang-2
487,02-08,non_fiction,腾讯新闻《潜望》,01-30,数十亿善款下的艰难一面：假冒航空公司诈骗、口罩临时毁约涨价,https://mp.weixin.qq.com/s/24JcPg71L3ePE_mS-bIk_Q,,,http://archive.ph/ebsIq,qianwang-3
486,02-08,non_fiction,腾讯新闻《潜望》,02-02,在美华人驰援武汉：陌生人的微信捐款、艰难的分发与最后的100万只口罩,https://mp.weixin.qq.com/s/_r5DpjXOIE1hkDLd7GY1IA,,,http://archive.ph/oX2tz,qianwang-4
485,02-08,non_fiction,腾讯新闻《潜望》,02-04,新冠病毒检测：试剂盒产能达每天90万人份 日检万人实验室将建成,https://mp.weixin.qq.com/s/HCBP7ZrFooG9XNsdbiNyIQ,,,http://archive.ph/LPijx,qianwang-5
484,02-08,non_fiction,腾讯新闻《潜望》,02-05,“特效药”老树开新花，艾滋病和甲流药物是新冠肺炎的救命稻草吗？,https://mp.weixin.qq.com/s/OuPnw66Xn-Gi1tGNxpNcPA,,,http://archive.ph/xuZK5,qianwang-6
483,02-08,non_fiction,腾讯新闻《潜望》,02-06,史上最大规模在家办公开始：孩子是最大障碍 频繁拉群是常态,https://mp.weixin.qq.com/s/MJEMwYG2YtGkZ1PmhKUU1Q,,,http://archive.ph/wip/pAUxw,qianwang-7
482,02-08,non_fiction,腾讯新闻《潜望》,02-07,记录武汉疫情下第一道防线：超300台“红外卫士”守护这个城市,https://mp.weixin.qq.com/s/R17nmHKiuN5PLWxjsR-41g,,,http://archive.ph/V5E9K,qianwang-8
481,02-08,non_fiction,南方周末/南方人物周刊,02-08,湖北随州：31名外援医生终于来了,https://mp.weixin.qq.com/s/kMJR1eRHEHDY7Kix7N15Dw,,,http://archive.is/iEbVm,nanfang-44
480,02-08,non_fiction,南方周末/南方人物周刊,02-08,李文亮医生离世的第一夜，市民自发悼念： “谢谢你的勇敢”,https://mp.weixin.qq.com/s/kwtXCrll0S75b6bqsK-gZA,,,http://archive.is/AeXjw,nanfang-43
479,02-08,non_fiction,南都周刊,02-08,“爸爸妈妈是医生，现在他们在抗疫前线”,https://mp.weixin.qq.com/s/d2ZCZ0ppli67c-R6CFesLA,,,http://archive.is/iEbVm,nandu-15
478,02-08,non_fiction,财新网,02-08,黑龙江聚集性疫情多发 齐齐哈尔市第一医院十余人病房感染,http://www.caixin.com/2020-02-08/101512992.html,,,http://archive.ph/73kxH,caixin-46
477,02-08,non_fiction,财新网,02-07,解药|新冠核酸检测有多少假阴性？准确诊断是当务之急,http://www.caixin.com/2020-02-07/101512517.html,,,http://archive.is/OtVIR,caixin-45
476,02-08,non_fiction,财新网,02-07,随州医用库存物资告急 广水市政府公开求援,http://www.caixin.com/2020-02-07/101512773.html,,,http://archive.is/14j4N,caixin-44
475,02-08,non_fiction,财新网,02-08,肺炎日记|2月7日：重症患者近五千 一线医生全力奋战,http://www.caixin.com/2020-02-08/101512942.html,,,http://archive.ph/HF4b0,caixin-16e
474,02-08,non_fiction,财新网,02-06,鄂州感染率居湖北第二 急召离退休医护返岗,http://www.caixin.com/2020-02-06/101512154.html,,,http://archive.is/uG9IB,caixin--43
473,02-08,non_fiction,经济观察报,02-06,漩涡中的红十字会,http://www.eeo.com.cn/2020/0206/375753.shtml,,,http://archive.is/wip/4m4Lf,jingji-21
472,02-08,non_fiction,经济观察报,02-06,抗疫一线 | 华润武钢总医院80后护士余芳：“我们自己是很无畏的”,http://www.eeo.com.cn/2020/0206/375748.shtml,,,http://archive.is/nDILU,jingji-16
471,02-08,non_fiction,经济观察报,02-06,万家宴后的百步亭,http://www.eeo.com.cn/2020/0206/375757.shtml,,,http://archive.is/3EUh0,jingji-17
470,02-08,non_fiction,经济观察报,02-07,疯狂的口罩：抢购、运钞车待遇与复工的通行证,http://www.eeo.com.cn/2020/0207/375786.shtml,,,http://archive.is/CvWwS,jingji-18
469,02-08,non_fiction,经济观察报,02-07,武汉时间：从专家组抵达到封城的谜之20天,http://www.eeo.com.cn/2020/0207/375826.shtml,,,http://archive.is/z8vjn,jingji-19
468,02-08,non_fiction,经济观察报,02-08,没有人想做这座英雄城市的“城市英雄”,http://www.eeo.com.cn/2020/0208/375909.shtml,,,http://archive.is/Kyvx4,jingji-20
467,02-08,non_fiction,中国经营报,02-04,武汉病人：以家庭为单位的患者越来越多，去殡仪馆也得排队,https://www.aigupiao.com/news/agpdetail/id/156037,TRUE,,https://web.archive.org/web/20200208123128/https://www.aigupiao.com/news/agpdetail/id/156037,zhongguojingyingbao-5
466,02-08,non_fiction,在人间living,02-08,武汉七旬健美冠军，没能度过这个冬天,https://mp.weixin.qq.com/s/JNyKUZkWuCdtbu9VF--EHg,,,http://archive.is/a1M8A,living-13
465,02-08,non_fiction,人物,02-08,「在疫区，中年人没有地方可以哭」｜武汉心理咨询师的510通电话,https://mp.weixin.qq.com/s/Kit-OpeYNiHF2z7n4lNDeQ,,,http://archive.is/58C4I,renwu-23
464,02-08,non_fiction,人物,02-06,「临时抗疫」第7天，我开出了第一张死亡证明,https://mp.weixin.qq.com/s/ipQxveryl4NoSO1NJbgq8w,,,http://archive.is/xdOff,renwu-24
463,02-08,non_fiction,冰点周刊,02-08,政府该如何公开疫情信息,https://mp.weixin.qq.com/s/irhUiT-J7wACtp1Mi9968Q,,,http://archive.ph/aC4ze,bingdian-18
462,02-08,non_fiction,冰点周刊,02-08,疫情的第二条战线,https://mp.weixin.qq.com/s/PJCWbGq9HQJmsOeJRJ2Wbg,,,http://archive.ph/j01Ft,bingdian-19
461,02-08,non_fiction,云林街十七号,02-08,我们是武汉市民，想为这个城市做点事情,https://mp.weixin.qq.com/s/63-CK34CkgWyZYw6dJLPYA,,,http://archive.ph/fnphC,yunlin-6
460,02-08,non_fiction,所有的鱼,01-28,如果流感疫苗接种率达到 40%，发热门诊还会被挤爆吗？,https://mp.weixin.qq.com/s/N9ROJdJ8IRI85BqKe1oJxQ,,,http://archive.is/ujhB3,fish-1
459,02-08,non_fiction,所有的鱼,01-30,三名一线志愿者口述：红会、校友会、物资信息平台,https://mp.weixin.qq.com/s/fzpv4h19IXccA_FpNX5Rsg,,,http://archive.is/RS1lr,fish-2
458,02-08,non_fiction,所有的鱼,01-30,刷屏、阻滞、信任危机，民间救援力量的处境,https://mp.weixin.qq.com/s/xGo_DzVA7b7dnEiDGhTYgg,,,http://archive.is/BM6ZS,fish-3
457,02-08,non_fiction,所有的鱼,01-31,新冠疫情发生前，疾控系统已面临危机,https://mp.weixin.qq.com/s/Q1V7jGb8reQiAm3-VjX4mA,,,http://archive.is/z72Oe,fish-4
456,02-08,non_fiction,所有的鱼,02-01,新型冠状肺炎之后，中国经济会走向何方,https://mp.weixin.qq.com/s/fZgYqtTSUTmwztUVlS5OSg,,,http://archive.ph/N7QPe,fish-5
455,02-08,non_fiction,所有的鱼,02-04,武汉兴建方舱医院、各大城市防控越发严格，以及 30 条疫情新闻,https://mp.weixin.qq.com/s/l8klV7LhsswOvu9VnsQtSQ,,,http://archive.is/wf7PO,fish-6
454,02-08,non_fiction,所有的鱼,02-06,方舱医院正式启用，内部条件有待完善，以及其他 36 条疫情新闻,https://mp.weixin.qq.com/s/na6lpXcc3xQu-EUH1oZ8kw,,,http://archive.is/dMWHG,fish-7
453,02-08,non_fiction,所有的鱼,02-07,疫情新闻汇总 2.7,https://mp.weixin.qq.com/s?__biz=MzA5OTgwNTQwMA==&mid=100000068&idx=1&sn=c0bc9d78a4fc99a8f99a19c8aa7ef657&chksm=10fdf0f3278a79e5618672d91c338d426c0eb919d78791c822592f7a686cf86167d066da2412,,,http://archive.ph/B6Lsn,fish-8
452,02-08,non_fiction,所有的鱼,02-08,假阴性引发担忧，拐点还言之尚早，以及其他 33 条疫情新闻,https://mp.weixin.qq.com/s?__biz=MzA5OTgwNTQwMA==&mid=100000070&idx=1&sn=8a5ac8e2e2036b2d47fae0457ca21324&chksm=10fdf0f1278a79e7cd7ccf2e424728888a430ffa20ed8e8dbdee6d169657db61017a8cdd2f04,,,http://archive.ph/xvm2L,fish-9
451,02-08,non_fiction,三联生活周刊,02-07,从1988年的30万人甲肝到新冠肺炎：上海是如何应对的？,https://mp.weixin.qq.com/s/LfrU1MAIse-XXhmcHSloXw,,,http://archive.today/r5dsE,sanlian-33
450,02-08,non_fiction,三联生活周刊,02-07,是他们在救助留守武汉的动物​,https://mp.weixin.qq.com/s/ekTc8cTZrqySdXAZnbYCZA,,,http://archive.today/3ibMj,sanlian-34
449,02-08,non_fiction,三联生活周刊,02-08,告慰并前行,https://mp.weixin.qq.com/s/QiOAsdmzlo6B301TSjG7JA,,,http://archive.today/f97AN,sanlian-35
448,02-08,non_fiction,三联生活周刊,02-08,专访高文斌：疫情期间心理建设尤其重要,https://mp.weixin.qq.com/s/PqqH9ZsuOEo8PWq7xnCI5w,,,http://archive.today/t1rOa,sanlian-36
447,02-08,non_fiction,财经杂志,02-07,数说疫情0207：疫情增势继续趋缓,https://mp.weixin.qq.com/s/bEphleMwCImBTcy4dI89lw,,,http://archive.today/IGwYh,caijing-40
446,02-08,non_fiction,三联生活周刊,02-08,疫情之下，快手里守望时刻,https://mp.weixin.qq.com/s/s61rYJQTAR9r7hB2lP1xzg,,,http://archive.today/Qtsdu,sanlian-38
445,02-08,non_fiction,三联生活周刊,02-08,返程高峰，坐飞机你需要知道这些,https://mp.weixin.qq.com/s/xn2DoPZLUTG_-7ISbh_5Wg,,,http://archive.today/EVK5I,sanlian-37
444,02-08,non_fiction,财经杂志,02-07,四部委“加码”企业扶持：增加贴息资金规模，税收优惠指引将出,https://mp.weixin.qq.com/s/ZHgMRHVEw6VuK1wER4PNdQ,,,http://archive.today/gE9tb,caijing-41
443,02-08,non_fiction,财经杂志,02-07,“神药”瑞德西韦离患者还有多远 | 图说,https://mp.weixin.qq.com/s/xF2N7eFdDr_flJ54sUAKng,,,http://archive.today/Vcs6B,caijing-42
442,02-08,non_fiction,财经杂志,02-07,病死率逐渐下降，会出现转机么？,https://mp.weixin.qq.com/s/AlIKAtlPOyk1kIZOhow7kg,,,http://archive.today/oQch0,caijing-43
441,02-08,non_fiction,财经杂志,02-07,李铁：大规模人口流动和疫情的体制关联,https://mp.weixin.qq.com/s/VsB71b1PLC5GhfMJlGIONA,,,http://archive.today/QqmU7,caijing-44
440,02-08,non_fiction,财经杂志,02-08,提升新冠肺炎核酸检测准确度， 专家建议系统比对试剂,https://mp.weixin.qq.com/s/rblr088rultZh2gG7ZlwRQ,,,http://archive.today/px6qR,caijing-45
439,02-08,non_fiction,财经杂志,02-08,制造企业谋划复工大计，期待3月开始安全自救,https://mp.weixin.qq.com/s/EHKbXIreSmV5uSM7n_n3vg,,,http://archive.today/JFoIo,caijing-46
438,02-08,non_fiction,财经杂志,02-08,疫情蔓延，拿到逆势红包的在线游戏接下来怎么走？,https://mp.weixin.qq.com/s/GirdObnHT2DgDellqE9bTA,,,http://archive.today/rkHnT,caijing-47
437,02-08,non_fiction,财经杂志,02-08,数说疫情0208：武汉数据反弹，治愈远超病死,https://mp.weixin.qq.com/s/2QSwPVySg3WM-tZ94qjpcA,,,http://archive.today/nTZhs,caijing-48
436,02-08,non_fiction,财经杂志,02-08,香港全力抗疫：即日实施检疫新政，抗疫体系轮廓清晰,https://mp.weixin.qq.com/s/aURd5Tc7w6lASA-koeWaJw,,,http://archive.today/q1Yjx,caijing-49
435,02-08,non_fiction,剥洋葱people,02-08,一个视频博主眼中的武汉,https://mp.weixin.qq.com/s/yS4NG8sWCZdhj4Vf8Npn2Q,,,http://archive.is/7PVCs,onion-19
434,02-08,non_fiction,第一财经,02-08,武汉游子的回家“挣扎”：归心似箭却又忐忑不安,https://mp.weixin.qq.com/s/mCRKm8tLoqhpBhVvpWs7iQ,,,http://archive.is/CnP0V,diyicaijing-10
433,02-08,non_fiction,第一财经,02-08,李文亮和他的最后十天,https://mp.weixin.qq.com/s/WhjmyowQhL-Oa4JDHfWtKA,,,http://archive.is/ZC7kx,diyicaijing-11
432,02-08,non_fiction,第一财经,02-08,电话被打爆了！疫情下“共享员工”意外走红,https://mp.weixin.qq.com/s/VEcXPTyHXqGVWq5DRrmBEg,,,http://archive.is/vO8Sp,diyicaijing-12
431,02-08,non_fiction,第一财经,02-06,新增病例严重超速，“堰塞湖即将泄洪”，武汉疫情正面临这三大挑战,https://mp.weixin.qq.com/s/GOT-O2h5mlKR7hNrJ68uBQ,,,http://archive.is/TOl8m,diyicaijing-13
430,02-08,non_fiction,第一财经,02-05,一位自我救助肺炎患者的后续：发烧第11天，进入火神山医院,https://mp.weixin.qq.com/s/mGsGWoQ2tmsXrhaxNMs18g,,,http://archive.is/FEiQD,diyicaijing-14
429,02-08,non_fiction,第一财经,02-02,疫情信息还有多少个未解之谜？,https://mp.weixin.qq.com/s/CtX_POfxLGnTWJVNW0xuxQ,,,http://archive.is/ixvkE,diyicaijing-15
428,02-08,non_fiction,第一财经,01-21,从“未见明显人传人”到“人传人”，复盘武汉疫情二十天,https://mp.weixin.qq.com/s/9_KV6KtG0jCsrOQjIwiAaQ,,,http://archive.is/WkxtS,diyicaijing-16
427,02-08,non_fiction,第一财经,01-22,直击武汉、广州、上海：口罩大脱销，商家紧急加班加产,https://mp.weixin.qq.com/s/4ulB8C08JjX7rNJxOTtCMg,,,http://archive.is/kVcSx,diyicaijing-17
426,02-08,non_fiction,第一财经,01-23,口罩比高铁票难买,https://mp.weixin.qq.com/s/cBpcpeNQGK0YjoPgiV0q6w,,,http://archive.is/KyxhT,diyicaijing-18
425,02-08,non_fiction,第一财经,01-23,实地探访 | 封城的第一天，武汉怎么样了？,https://mp.weixin.qq.com/s/xXWPeNp0z6xGviYVnhEcBQ,,,http://archive.is/1xQxl,diyicaijing-19
424,02-08,non_fiction,第一财经,01-25,武汉周边城市也紧缺医疗物资，黄冈医生一个口罩用好几天,https://mp.weixin.qq.com/s/BiQepSq6E9cxXye4F_58gQ,,,http://archive.is/pPMRE,diyicaijing-20
423,02-08,non_fiction,第一财经,01-25,UP主实拍：“空城”武汉的物价、交通 、生活状态,https://mp.weixin.qq.com/s/t2-QXb9kiacplQv3aABHmQ,,,http://archive.is/Ryrio,diyicaijing-21
422,02-08,non_fiction,第一财经,01-27,武汉人在琼粤两地的“特殊待遇”,https://mp.weixin.qq.com/s/O8l_Z6FCEjSWuiH6pg0aSA,,,http://archive.is/SA6i5,diyicaijing-22
421,02-08,non_fiction,第一财经,01-27,直击河南“硬核”防疫：老实待在家，就是对社会的最大贡献,https://mp.weixin.qq.com/s/Jx6N7xmKhj6PMxMWb3v4fA,,,http://archive.is/TDLjM,diyicaijing-23
420,02-08,non_fiction,第一财经,01-27,武汉网约车司机自述：“恨不得奉献出自己的每一分每一秒”,https://mp.weixin.qq.com/s/OkGeTLBvSy8UWK8qW4VnmQ,,,http://archive.is/R5NkB,diyicaijing-24
419,02-08,non_fiction,第一财经,01-27,武汉新增病例0增长的12天，发生了什么？,https://mp.weixin.qq.com/s/YWzSavxJJJusj-I-QXlzNA,,,http://archive.is/ls743,diyicaijing-25
418,02-08,non_fiction,第一财经,01-28,各国如何对待武汉游客？,https://mp.weixin.qq.com/s/CuD7NcwrEuC8GmD_PBLNnA,,,http://archive.is/K6sup,diyicaijing-26
417,02-08,non_fiction,第一财经,01-28,探访“滞留群”：出游回不了家的武汉人，你们还好吗？,https://mp.weixin.qq.com/s/Tka5Uyc-pmwNO4FZXRcDWA,,,http://archive.is/3RNwA,diyicaijing-27
416,02-08,non_fiction,第一财经,01-28,疫情阴影下的异乡湖北人：难回家乡、住不进酒店,https://mp.weixin.qq.com/s/HM0GhbvImHBeRoIrjxvENw,,,http://archive.is/fDNIz,diyicaijing-28
415,02-08,non_fiction,第一财经,01-28,华南海鲜市场的动物去哪了？,https://mp.weixin.qq.com/s/ioFnizOUKaWeqo8TDUjDaQ,,,http://archive.is/Csrkv,diyicaijing-29
414,02-08,non_fiction,第一财经,01-28,触目惊心的中国野生动物黑市,https://mp.weixin.qq.com/s/PgeibAVz-Zt3G_yPi1RMaw,,,http://archive.is/15LJR,diyicaijing-30
413,02-08,non_fiction,第一财经,01-29,湖北基层疫情防控实录：设备资源紧缺，人员排查压力大,https://mp.weixin.qq.com/s/Dtxbtrpd-yEw_-rkoflJ5g,,,http://archive.is/eA8HS,diyicaijing-31
412,02-08,non_fiction,第一财经,01-29,一位疑似新冠病人的自我救助：换着药方吃药，隔着房门聊天,https://mp.weixin.qq.com/s/oNWaZHDH4awGmkIiWwTwCQ,,,http://archive.is/P0tjd,diyicaijing-32
411,02-08,non_fiction,第一财经,01-29,武汉以外湖北各地防护物资依然紧缺：雨衣、垃圾袋上阵,https://mp.weixin.qq.com/s/6j0T_J3bPTZbfxpmf3FNqw,,,http://archive.is/P02tw,diyicaijing-33
410,02-08,non_fiction,第一财经,01-30,多家外航取消或削减到中国航线，国内航班现零乘客,https://mp.weixin.qq.com/s/p8oXVC8FtZL9sTCgtPF4eA,,,http://archive.is/wDF8k,diyicaijing-34
409,02-08,non_fiction,第一财经,01-30,一家口罩工厂的春节：24小时不停工，原材料每天都在上涨,https://mp.weixin.qq.com/s/5swQyrGz-M0JgCSjAFjY1g,,,http://archive.is/kRFWl,diyicaijing-35
408,02-08,non_fiction,第一财经,01-31,对话协和护士：防护物资依然紧缺，主任医生戴泳镜查房,https://mp.weixin.qq.com/s/ehTWhJ0NdgZ86pSjOUm7ZQ,,,http://archive.is/nZEYq,diyicaijing-36
407,02-08,non_fiction,第一财经,01-31,千里之外的温州，为何成湖北以外疫情最严重的城市,https://mp.weixin.qq.com/s/1wRkVSPUaTotyeIWQBiJdQ,,,http://archive.is/uOmAe,diyicaijing-37
406,02-08,non_fiction,第一财经,02-01,一天三顿改一顿，物流阻、饲料缺导致湖北种猪被限食,https://mp.weixin.qq.com/s/evEKgER-Z0IqfIkNmZddAw,,,http://archive.is/dgjM8,diyicaijing-38
405,02-08,non_fiction,第一财经,02-01,疫情阻断春节出游：1天10万通电话、退单至少数百万单,https://mp.weixin.qq.com/s/tdOjSfYTd0C-lZOiTRmB7g,,,http://archive.is/flDOw,diyicaijing-39
404,02-08,non_fiction,第一财经,02-01,机场等7个小时才拉到客！出租车司机呼吁减免份子钱,https://mp.weixin.qq.com/s/xOFGBx4GsntK21YRNz5leg,,,http://archive.is/vih3h,diyicaijing-40
403,02-08,non_fiction,第一财经,02-01,武汉官方称红会“调配不及时”， 医院拿捐赠文件却取不到物资,https://mp.weixin.qq.com/s/CqOEDTHW1MJaIAu2PAT1NA,,,http://archive.is/xnB4F,diyicaijing-41
402,02-08,non_fiction,第一财经,02-01,月减收上千万忧心还能撑多长，餐饮酒店业盼免租减税费支持,https://mp.weixin.qq.com/s/njJcWSHev77W4H2Gs3j1aA,,,http://archive.is/SxzmT,diyicaijing-42
401,02-08,non_fiction,第一财经,02-02,黄冈确诊病例突破一千，何以至此？,https://mp.weixin.qq.com/s/OeeZOdd2AJNTqjxqK0jdQw,,,http://archive.is/tWTYe,diyicaijing-43
400,02-08,non_fiction,第一财经,02-03,新冠肺炎确诊病例TOP5城市，收治能力究竟如何？,https://mp.weixin.qq.com/s/VihEchLZ-mBLZfLqK7xNHA,,,http://archive.is/Z8Vv6,diyicaijing-44
399,02-07,narrative,全民故事计划,01-28,封城后的武汉，我都买了些什么,https://mp.weixin.qq.com/s/k00Oqm0vhna5r0Mh9tNNCw,,,http://archive.is/oKZMa,narr-quanmin-1
398,02-07,narrative,全民故事计划,02-01,在黄冈医院做保洁的母亲，被人举报后,https://mp.weixin.qq.com/s/booNSK5o-zu65VO-C2HgUA,,,http://archive.is/d98ov,narr-quanmin-2
397,02-07,narrative,全民故事计划,02-02,武汉封城后，我的公司还能撑多久,https://mp.weixin.qq.com/s/kj9hCYGMHaxfUFrNsdyJlg,,,http://archive.is/SHr1V,narr-quanmin-3
396,02-07,narrative,全民故事计划,02-08,我坐上了一辆有确诊患者的公交车,https://mp.weixin.qq.com/s/t5tnmr64WWOlxTlvcBmf7w,,,http://archive.ph/V6HNj,narr-quanmin-4
395,02-07,narrative,三明治,01-24,50位武汉人，亲笔写下他们“封城”第一天的生活 | 三明治持续更新中,https://mp.weixin.qq.com/s/RlfYxEjJ7hWGblp8WG0YTg,,,http://archive.is/Ymscl,narr-sandwich-1
394,02-07,narrative,三明治,01-25,2020武汉除夕夜：危机、亲情、祈祷 | 三明治持续更新中,https://mp.weixin.qq.com/s/mHcRvR9_svB-c2R7az2bLQ,,,http://archive.is/MAr0m,narr-sandwich-2
393,02-07,narrative,三明治,01-26,视频麻将，做个美食，武汉人宅着的解压法 | 三明治武汉每日书03,https://mp.weixin.qq.com/s/Hhc2X5PQUnxp7kTBGZn-ag,,,http://archive.is/Zo7c2,narr-sandwich-3
392,02-07,narrative,三明治,01-27,“不忘故乡” “因疫情严重禁止一切人员车辆出入” | 三明治武汉每日书04,https://mp.weixin.qq.com/s/2j_qhBXilkKLcCPQT3bB_w,,,http://archive.is/9PJjY,narr-sandwich-4
391,02-07,narrative,三明治,01-28,预产期还有6天，我在武汉待产的医院被征用 | 武汉日常每日书05,https://mp.weixin.qq.com/s/coqsYikE_EF9FAspQ6doNA,,,http://archive.is/BynKI,narr-sandwich-5
390,02-07,non_fiction,北青深一度,02-07,送别李文亮医生：愿天堂不再有病毒,https://mp.weixin.qq.com/s/je-2p-N2cCcKYtxIAcuA7A,,,http://archive.is/PjqoS,beiqing-16
389,02-07,non_fiction,冰点周刊,02-07,湖北多地告急 16省“一省包一市”支援武汉以外地市,https://mp.weixin.qq.com/s/zZ-WsZKneDxGlDgW63je5Q,,,http://archive.ph/dGlkr,bingdian-17
388,02-07,non_fiction,冰点周刊,02-07,与“吹哨者”李文亮的最后对话：如果再来一次我还是会说,,TRUE,https://news.ifeng.com/c/7trthoYMTLh,https://web.archive.org/web/20200207065239/https://news.ifeng.com/c/7trthoYMTLh,bingdian-14
387,02-07,non_fiction,冰点周刊,02-07,与李文亮的最后对话：如果康复了，我还会当大夫,https://mp.weixin.qq.com/s/Y8FCwR9zjXomg_A6YjXf0g,,,http://archive.ph/uteOz,bingdian-15
386,02-07,non_fiction,冰点周刊,02-07,送别李文亮医生,https://mp.weixin.qq.com/s/X8C92GYQVXrz2Mz07cevXA,,,http://archive.ph/c87dD,bingdian-16
385,02-07,non_fiction,财新网,02-07,新冠肺炎“吹哨人”李文亮：真相最重要（更新）,http://china.caixin.com/2020-01-31/101509761.html,,,https://archive.ph/mxV8E,caixin-42
384,02-07,non_fiction,财新网,02-07,肺炎日记|2月6日：心牵吹哨人李文亮 新冠防控进入新阶段 ,http://www.caixin.com/2020-02-07/101512484.html,,,http://archive.is/3f21x,caixin-16d
383,02-07,non_fiction,财新网,01-31,新冠肺炎“吹哨人”李文亮：真相比平反更重要,https://mp.weixin.qq.com/s/4LNaofQcsx-9g7Z7zrkqgA,,,http://archive.ph/TX1WE,caixin-41
382,02-07,non_fiction,界面新闻,02-05,疫情下创业者艰难自救：仿佛突然被按下了暂停键,https://mp.weixin.qq.com/s/NyfeQt2F5-pr7-TkslvEHA,,,http://archive.ph/3Q9Co,jiemianxinwen-5
381,02-07,non_fiction,南都周刊,02-06,一个湖北水果店老板的自救：销售额腰斩仍不裁员，期待帮扶政策出台,https://mp.weixin.qq.com/s/bV3df6Z8IKy8M61X1_wF1g,,,http://archive.is/ZZAbP,nandu-14
380,02-07,non_fiction,南方都市报,02-07,李文亮的消逝：从确诊到离开只有七天,https://mp.weixin.qq.com/s/sVjLKytaXmJuvt2cmoBbgw,,,http://archive.is/yDy3j,nandu-14
379,02-07,non_fiction,南方都市报,02-07,记者回忆与李文亮的对话：他自称是个小医生,https://mp.weixin.qq.com/s/VAFPVCevx7Fx8z_2byTrIw,,,http://archive.is/Z3upH,nandu-15
378,02-07,non_fiction,南方周末/南方人物周刊,02-07,哀悼李文亮，应给“吹哨人”正名,https://mp.weixin.qq.com/s/32Sj9VICKdP_dox8Ln_z1w,,,http://archive.is/5Oln0,nanfang-41
377,02-07,non_fiction,南方周末/南方人物周刊,02-07,医生李文亮和他眷恋的城,https://mp.weixin.qq.com/s/BCMERHKeACaLWjiII8f-Sw,,,http://archive.is/MpUFq,nanfang-42
376,02-07,non_fiction,人物,02-07,普通人李文亮,https://mp.weixin.qq.com/s/I1J3wCbfbMP7AecP1_Ie2A,,,http://archive.is/nDykY,renwu-22
375,02-07,non_fiction,新京报,02-07,河南长垣总动员：日产105万口罩，四成驰援武汉,https://mp.weixin.qq.com/s/BgOBvUVuzHAYxNiwhKB3YQ,,,http://archive.ph/7LbBL,newpk-26
374,02-07,non_fiction,新京报,02-07,悼念“吹哨人”李文亮医生,https://mp.weixin.qq.com/s/s1_9ZLUkPBKBifaqylnh2g,,,http://archive.ph/6pNwI,newpk-27
373,02-07,non_fiction,新京报,02-06,武汉居委会主任：居民恨不得把你当救命稻草,https://mp.weixin.qq.com/s/782cYBWSUD55JA88H6Dz0A,,,http://archive.ph/564sm,newpk-28
372,02-07,non_fiction,一条,02-07,一个武汉志愿者的封城16天,https://mp.weixin.qq.com/s/mZyzqZbvWNC_zCe5sq45Hw,,,http://archive.ph/9Ea5i,yitiao-2
371,02-07,non_fiction,在人间living,02-04,饭圈女孩支援疫区：做公益是追星的另一种方式,https://mp.weixin.qq.com/s/k0VwZkUbMjEVSSguU9GWiQ,,,http://archive.is/71Ok9,living-11
370,02-07,non_fiction,中国经营报,02-05,拉医生的武汉“司机们”：约好了“战后”酒局却不知彼此长相,,TRUE,http://archive.ph/Ul3qi,http://archive.ph/Ul3qi,zhongguojingyingbao-3
369,02-07,non_fiction,中国经营报,02-05,卖菜、扔菜、闭店 疫情影响下的京城餐饮,https://mp.weixin.qq.com/s/dmm5iWN-jHEkLGevr1hcjA,,,http://archive.ph/nXAnh,zhongguojingyingbao-4
368,02-07,non_fiction,中国经营报,02-02,武汉疫情“吹哨人”李文亮：每天都要打抗生素丨新冠肺炎亲历,https://mp.weixin.qq.com/s/_CQ-yspTT2OQNHjVf9jVSg,,,http://archive.ph/AsbNP,zhongguojingyingbao-2
367,02-07,non_fiction,剥洋葱people,02-07,危险无人察觉：“世界梦号”豪华邮轮疫情始末,https://mp.weixin.qq.com/s/wjXyWxVp62Vxpoq7DQE_3A,,,http://archive.ph/fA4xf,onion-18
366,02-07,non_fiction,云林街十七号,02-07,120急救车，生死时速里的患与医,https://mp.weixin.qq.com/s/yHe6kDS6JbONrRhtSWyFrA,,,http://archive.ph/BSZfs,yunlin-5
365,02-07,non_fiction,潇湘晨报,01-27,武汉ICU主任万字口述：患者1小时住满一病区，因恐慌到医院排队没必要,https://mp.weixin.qq.com/s/EpsL5My5Sv8yOthYAPd5-g,,,https://archive.ph/Q0kA6,xiaoxiang-2
364,02-06,non_fiction,北青深一度,02-06,一名中国人在菲律宾的隔离日记,https://mp.weixin.qq.com/s/QT7tuiR7OfFIOHEG9zB-jQ,,,http://archive.is/laQr0,beiqing-15
363,02-06,non_fiction,北青深一度,02-05,鄂A牌车30小时归乡记,https://mp.weixin.qq.com/s/3rEWz5fSvPvSJTaGZkEcCQ,,,http://archive.is/pTg0b#selection-41.64-41.75,beiqing-13
362,02-06,non_fiction,北青深一度,02-05,湖北一线心理咨询师：恐慌让他每半个小时测一次体温,https://mp.weixin.qq.com/s/gjBMJkXdcracVbA4TYFVcw,,,http://archive.is/rOlKQ,beiqing-14
361,02-06,non_fiction,北青深一度,02-04,武汉早期感染最重医生：出ICU还要很长康复期，目前呼吸仍困难,https://mp.weixin.qq.com/s/KmyIc8SZIYCWZuUSU2cmRg,,,http://archive.is/wDwnn,beiqing-12
360,02-06,non_fiction,北青深一度,02-03,一个高铁密切接触者的“自白”：他就坐在我旁边，没摘过口罩,https://mp.weixin.qq.com/s/emor4QFaVJCKDLitIQcPsw,,,https://archive.vn/pyT50,beiqing-11
359,02-06,non_fiction,北青深一度,02-02,一个武汉红十字会志愿者的自述,https://mp.weixin.qq.com/s/f-5AC4hP2M06Va48CsLRxQ,,,https://archive.ph/fc7Td,beiqing-10
358,02-06,non_fiction,北青深一度,02-01,新冠病毒出现多例“两阴后变阳”病例，专家称临床不应轻易排除,https://mp.weixin.qq.com/s/ROO6IRPYUHHnJzHnCR88sQ,,,https://archive.ph/HF5xY,beiqing-9
357,02-06,non_fiction,北青深一度,01-29,武汉城外的重负：地县乡三级抗疫遭遇的百万返乡潮,https://mp.weixin.qq.com/s/o36treeC6mAJSzd92bKLZQ,,,https://archive.ph/oDYjA,beiqing-8
356,02-06,non_fiction,北青深一度,01-28,“中国顶级SARS病房”专家童朝晖：目前重症患者没有减少趋势，核酸检测已引入第三方,https://mp.weixin.qq.com/s/NBdAjSF8WAYYuSq9d2hYYA,,,https://archive.ph/O9IsU,beiqing-6
355,02-06,non_fiction,北青深一度,01-28,武汉街头的“摆渡人”：每分钟处理1000条信息，不是不怕感染，停了医护人员怎么上班,https://mp.weixin.qq.com/s/fUtAhkgUZvpLHEAvX6O-Tg,,,https://archive.ph/cze3f,beiqing-7
354,02-06,non_fiction,北青深一度,01-27,受训诫的武汉医生：11天后被病人传染住进隔离病房，之前群内言论被断章取义,https://mp.weixin.qq.com/s/YRIjgJ60NdIYVqUMiLgoRg,,,https://archive.is/TgEKH,beiqing-5
353,02-06,non_fiction,北青深一度,01-26,自我隔离的抗疫医生：没人去坐市民的爱心车，骂跑要来陪的女朋友,https://mp.weixin.qq.com/s/iq3iNFpnqchhr1_dZDv8HA,,,https://archive.ph/otPCi,beiqing-4
352,02-06,non_fiction,北青深一度,01-25,武汉除夕故事：照顾发烧的丈夫，妻子穿上一次性塑料雨衣,https://mp.weixin.qq.com/s/9vU-JV6adRw62muBydqT0Q,,,https://archive.ph/1AHJN,beiqing-3
351,02-06,non_fiction,北青深一度,01-23,抗击新型冠状病毒的基层医院：发热门诊排长队，防疫物资现短缺，送检需有疫区接触史,https://mp.weixin.qq.com/s/f-mER12NzQPQBjVlXgpUYA,,,https://archive.ph/pwuCZ,beiqing-2
350,02-06,non_fiction,北青深一度,01-21,一个武汉肺炎康复患者的样本观察：我与新型冠状病毒搏斗的22天,https://mp.weixin.qq.com/s/Ps5lUon8LMCxLrPGwqKjMg,,,https://archive.ph/cMxZj,beiqing-1
349,02-06,non_fiction,冰点周刊,02-05,最后一道防线,https://mp.weixin.qq.com/s/akX0GrqhjKtsm6s-crVttA,,,http://archive.ph/iJOOF,bingdian-12
348,02-06,non_fiction,冰点周刊,02-05,随州告急，一县医院多项防护物资库存为“0”,https://mp.weixin.qq.com/s/LMgPjJPwX30ObpzMx12z2Q,,,http://archive.ph/wJrIK,bingdian-13
347,02-06,non_fiction,冰点周刊,02-03,他感染了，可仍在网上给患者看病,https://mp.weixin.qq.com/s/X024ciV2BPayaLabwHoo5w,,,https://archive.vn/HThCt,bingdian-11
346,02-06,non_fiction,冰点周刊,02-02,卫健委专家组成员王广发出院了，回答了我们8个问题,https://mp.weixin.qq.com/s/DWcRVz10zps27VIrml_Khg,,,https://archive.vn/UonXY,bingdian-10
345,02-06,non_fiction,冰点周刊,01-28,钟南山发话前，武汉这位医生向附近学校发出疫情警报,https://mp.weixin.qq.com/s/IzzCnz4Yr2jEIYZePiu_ow,,,https://archive.ph/lvZhv,bingdian-9
344,02-06,non_fiction,冰点周刊,01-26,一个湖北村庄的防疫故事：村医穿雨衣当防护服,https://mp.weixin.qq.com/s/Ual8bxKz-IaLOeyCD-DWlw,,,https://archive.ph/WCAOu,bingdian-6
343,02-06,non_fiction,冰点周刊,01-26,武汉部分医院仍然“喊渴”,https://mp.weixin.qq.com/s/willAfAQ6U2igKSOHxHgrg,,,https://archive.ph/GrZx1,bingdian-7
342,02-06,non_fiction,冰点周刊,01-26,三個年輕人和100萬隻口罩,https://mp.weixin.qq.com/s/2lopW3OCS2FIK4KSaZBY-w,,,https://archive.ph/myEic,bingdian-8
341,02-06,non_fiction,冰点周刊,01-25,中青報記者大年初一探訪武漢市第五醫院,https://mp.weixin.qq.com/s/EdIVxRLtkUZPGD_L4pXOBA,,,https://archive.ph/gAEI2,bingdian-5
340,02-06,non_fiction,冰点周刊,01-24,全國人在吃年夜飯 他們在建「武漢小湯山」,https://mp.weixin.qq.com/s/BsKYzzw0CH9e-jQTa76iGQ,,,https://archive.ph/jK9Nz,bingdian-4
339,02-06,non_fiction,冰点周刊,01-23,肺炎疫情中的人們,https://mp.weixin.qq.com/s/kUY_Sr3s52pn4jfs8RK60A,,,https://archive.ph/IltEn,bingdian-2
338,02-06,non_fiction,冰点周刊,01-23,防疫升級後的武漢,https://mp.weixin.qq.com/s/-RmxrJ8VeqzgiBMAGmzYPA,,,https://archive.ph/uEKfA,bingdian-3
337,02-06,non_fiction,冰点周刊,01-22,新型肺炎疫情防控下的武汉生活,https://mp.weixin.qq.com/s/cg4qHhta8nLx93PDaW1dHQ,,,https://archive.ph/KijR8,bingdian-1
336,02-06,non_fiction,剥洋葱people,02-03,为家乡医院筹口罩,https://mp.weixin.qq.com/s/Mknh3AVvWcjOSaNPJXFduQ,,,https://archive.vn/2B12I,people-13
335,02-06,non_fiction,剥洋葱people,02-03,疫情下的心理危机干预：用电话线联结的救援行动,https://mp.weixin.qq.com/s/aLMcuHvTAYvrYoUL6MNcHg,,,https://archive.vn/sfmr4,people-14
334,02-06,non_fiction,剥洋葱people,02-03,“战友变患者”的武汉医生：我们怕了、退了，武汉怎么办？,https://mp.weixin.qq.com/s/SE6RSOF68h6jUrWZ5SUp6Q,,,https://archive.vn/th1sL,people-15
333,02-06,non_fiction,剥洋葱people,02-02,肺炎时期的“生门”故事,https://mp.weixin.qq.com/s/qhZoz__WW69klJ200JUMdw,,,https://archive.vn/85jOE,people-12
332,02-06,non_fiction,剥洋葱people,02-01,武汉定点医院一床难求，患者居家用衣柜隔离,https://mp.weixin.qq.com/s/p45GBxC_Nm1lcZJg1hf6ZA,,,https://archive.ph/bAMkD,people-11
331,02-06,non_fiction,剥洋葱people,01-31,黄冈“小汤山”的志愿服务48小时,https://mp.weixin.qq.com/s/FefTq9st-CqqEPTL02D-Kg,,,https://archive.ph/KSl5B,people-9
330,02-06,non_fiction,剥洋葱people,01-31,武汉医生驿站 ：为4万人次提供住宿 有退出也有坚守,https://mp.weixin.qq.com/s/9xE1nK4DkFcutVCsG7WNaA,,,https://archive.ph/iTHtH,people-10
329,02-06,non_fiction,剥洋葱people,01-30,武汉某定点医院被隔离的医生：曾一晚接诊200名患者,https://mp.weixin.qq.com/s/FefTq9st-CqqEPTL02D-Kg,,,https://archive.ph/DiLpu,people-8
328,02-06,non_fiction,剥洋葱people,01-28,一个河北县城的防疫：建成隔离病区，医护缺乏专业口罩,https://mp.weixin.qq.com/s/K8K3KJiTbOhXW8_x_-eCJg,,,https://archive.ph/vQypN,people-7
327,02-06,non_fiction,剥洋葱people,01-27,绿色通道、通行证、医院证明：医疗捐赠物资出入武汉记,https://mp.weixin.qq.com/s/R-iXDgYd3ZZLBLiLEzxH9g,,,https://archive.ph/DQGB0,people-6
326,02-06,non_fiction,剥洋葱people,01-25,小汤山医院设计师：没想到图纸再用，希望武汉新医院效果更好,https://mp.weixin.qq.com/s/1n-xp71p0D8odkuZhIvfTg,,,https://archive.ph/SKFP4,people-5
325,02-06,non_fiction,剥洋葱people,01-24,除夕夜，写下“请战书”的小汤山非典医疗队驰援武汉,https://mp.weixin.qq.com/s/RiHMv1FKurR2PJDiJNMw1g,,,https://archive.ph/pr6x0,people-4
324,02-06,non_fiction,剥洋葱people,01-23,武汉“封城”首日,https://mp.weixin.qq.com/s/wsF9JFH2CayADLXqJIS1wg,,,https://archive.ph/eEy4D,people-3
323,02-06,non_fiction,剥洋葱people,01-21,聚焦武汉肺炎疫情：“大众畜牧野味”确实存在，市场休市后才闭店,https://mp.weixin.qq.com/s/6CPkhUWzM6f2NxP8rMWNUQ,,,https://archive.ph/F71nd,people-2
322,02-06,non_fiction,剥洋葱people,01-20,直击肺炎疫情下的武汉、北京、香港,https://mp.weixin.qq.com/s/g0yMaWd6JbkSp2t79wjh7A,,,https://archive.ph/BLmAC,people-1
321,02-06,non_fiction,财经杂志,02-06,"梁红：""新冠""疫情对中国经济总体影响未必会超""非典""",https://mp.weixin.qq.com/s/jfg3FFj9utgAM-3DauNVzA,,,http://archive.today/YrnjX,caijing-37
320,02-06,non_fiction,财经杂志,02-06,数说疫情0206：拐点渐近,https://mp.weixin.qq.com/s/qUcRv06NAQAs3NAA-Py9Vg,,,http://archive.today/sENaY,caijing-38
319,02-06,non_fiction,财经杂志,02-06,供需两端入手，破解口罩困局,https://mp.weixin.qq.com/s/J0GgLtfELgWpcW4rfz63nQ,,,http://archive.today/jq5ls,caijing-39
318,02-06,non_fiction,财经杂志,02-05,武汉接到两个硬任务：检测全部疑似病例，收治所有确诊病人,https://mp.weixin.qq.com/s/ZyC4oXolVK0StdHZ1uKO5g,,,http://archive.today/LhnM0,caijing-32
317,02-06,non_fiction,财经杂志,02-05,"武汉""四类人员""集中收治第一日：""我们没有被抛弃！""（重发，有删改）",https://mp.weixin.qq.com/s/5LaJYgN4Ic6GZOQTAkixEA,,,http://archive.today/BerBR,caijing-33
316,02-06,non_fiction,财经杂志,02-05,"行业观察 关明生回忆：17年前，阿里如何应对""非典""",https://mp.weixin.qq.com/s/D6fcqW_QP_miSk67kx9o3Q,,,http://archive.today/IYhyH,caijing-34
315,02-06,non_fiction,财经杂志,02-05,中国留学生面临选择：承受经济损失，还是改变留学计划？,https://mp.weixin.qq.com/s/8m-GiV1HLhXHRmHK1l2FwA,,,http://archive.today/Nhpo6,caijing-35
314,02-06,non_fiction,财经杂志,02-05,世卫组织称新冠肺炎还不是全球流行病，其他国家如何应对？,https://mp.weixin.qq.com/s/-Kq9NVgbJy6rSDk5N7OXLg,,,http://archive.today/P6FmP,caijing-36
313,02-06,non_fiction,财经杂志,02-04,黄冈确诊病例过千，市长称防控不力，曾一天问责135人,https://mp.weixin.qq.com/s/n4kJ5PKBUhTGoYko-6jPaw,,,http://archive.ph/jtDNI,caijing-25
312,02-06,non_fiction,财经杂志,02-04,穿越疫区：武汉“爱心司机”一天12小时,https://mp.weixin.qq.com/s/GJDxSQzn7sQ_8qEpJn3TCA,,,http://archive.today/qPRip,caijing-27
311,02-06,non_fiction,财经杂志,02-04,直击火神山医院：首批病人已经入院，现场忙碌装配收尾,https://mp.weixin.qq.com/s/J1u9ZaoLL9vETrumSKPWRQ,,,http://archive.today/PYrTA,caijing-28
310,02-06,non_fiction,财经杂志,02-04,协力抗疫：京沪等地纾困中小企业，效力发挥待政策落实,https://mp.weixin.qq.com/s/3uQFO6ppT_bgEELzcjXYmg,,,http://archive.today/I61GI,caijing-29
309,02-06,non_fiction,财经杂志,02-04,香港抗疫实录：减少人流再关口岸，准备新的检疫设施,https://mp.weixin.qq.com/s/eCDjkjKlU7sC3ne49NJRiw,,,http://archive.today/gMU7g,caijing-30
308,02-06,non_fiction,财经杂志,02-04,武汉“四类人员”集中收治第一日：“我们没有被抛弃！”,https://mp.weixin.qq.com/s/E23_MJfTe0ADlE0MAVvCXg,,,http://archive.today/hNOER,caijing-31
307,02-06,non_fiction,财经杂志,02-03,经历两次疫情考验，这位小企业主宁追债求生也不裁员,https://mp.weixin.qq.com/s/TK-QvWOiiYkCKNdOUtUYsg,,,http://archive.ph/nc4Yv,caijing-24
306,02-06,non_fiction,财经杂志,02-03,武汉疑似患者通往病房的三道难关,https://mp.weixin.qq.com/s/emhJaE4O4ElsCntcJDJLWw,,,http://archive.today/GbY4J,caijing-26
305,02-06,non_fiction,财经杂志,02-02,封闭社区并隔离返京人员，能遏制病毒蔓延吗？,https://mp.weixin.qq.com/s/HZhDl1rosP1Eo9LI2UuRFw,,,https://archive.vn/RJ56v,caijing-19
304,02-06,non_fiction,财经杂志,02-02,疫情冲击波：手机渠道商损失连锁反应,https://mp.weixin.qq.com/s/VhVEUV1KZ33Gp3f83BJ-zA,,,https://archive.vn/4yLjb,caijing-20
303,02-06,non_fiction,财经杂志,02-02,17年前香港淘大花园抗疫事件，对今天的启示是什么？,https://mp.weixin.qq.com/s/Nh0Hp8HrYRftfB6SZVW6Fg,,,https://archive.vn/YUAVA,caijing-21
302,02-06,non_fiction,财经杂志,02-02,中小企业现金流告急，停工裁员待扶持,https://mp.weixin.qq.com/s/FAm349BZgiZ6XDS5K6Rd3g,,,https://archive.vn/ip5wy,caijing-22
301,02-06,non_fiction,财经杂志,02-02,双黄连口服液能治新冠肺炎？一场闹剧,https://mp.weixin.qq.com/s/rGMgkgyFifOqKvCd7pkqFA,,,https://archive.vn/6D5kz,caijing-23
300,02-06,non_fiction,财经杂志,02-01,小区封门堵截返城者，这样的防疫措施真的好吗,https://mp.weixin.qq.com/s/orP7RFJfZlOlHQcxN994iQ,,,https://archive.vn/WPgUc,caijing-14
299,02-06,non_fiction,财经杂志,02-01,疫情严重、人员滞留，基层防疫面临重压,https://mp.weixin.qq.com/s/Y4aLKt6waKZeCGAbE0QySA,,,https://archive.vn/QHMDF,caijing-15
298,02-06,non_fiction,财经杂志,02-01,统计数字之外的人：他们死于“普通肺炎”？,https://mp.weixin.qq.com/s/OQGVZlrJWID9Gn4A_T5u_g,,,https://archive.vn/ZCYfz,caijing-16
297,02-06,non_fiction,财经杂志,02-01,直击武汉：红会掌控物资待发，协和另获捐赠应急,https://mp.weixin.qq.com/s/drRaJ0n09x0iGg7VdzoV0w,,,https://archive.vn/bRYws,caijing-17
296,02-06,non_fiction,财经杂志,02-01,疫情严重、人员滞留，基层防疫面临重压,https://mp.weixin.qq.com/s/Y4aLKt6waKZeCGAbE0QySA,,,https://archive.vn/QHMDF,caijing-18
295,02-06,non_fiction,财经杂志,01-31,餐饮业疫情寒冬：餐厅营收普降八成，外卖小哥一天只接七单,https://mp.weixin.qq.com/s/DVE6WpaKRDE2oMfjrGEPPw,,,https://archive.vn/E5Gay,caijing-12
294,02-06,non_fiction,财经杂志,01-31,武汉医生口述：1/4同事被感染，口罩不合格也按时进病房,https://mp.weixin.qq.com/s/UQ4iCe40ptrWci1JS4iR_Q,,,https://archive.vn/fTheX,caijing-13
293,02-06,non_fiction,财经杂志,01-30,香港特区抗疫实录：削减往来内地交通，争抢口罩蔬菜,https://mp.weixin.qq.com/s/zAdw2FbjkWzKoMbLKWAJpQ,,,https://archive.vn/fFryo,caijing-10
292,02-06,non_fiction,财经杂志,01-30,谁有权公布疫情信息？,https://mp.weixin.qq.com/s/mgr1HMuPzQv2G9n5qD80jw,,,https://archive.vn/NUJAl,caijing-11
291,02-06,non_fiction,财经杂志,01-29,武汉疫情升级，医疗物资募集七日实录,https://mp.weixin.qq.com/s/aFRfnoBEucQ4GIirzO3OmQ,,,https://archive.vn/sg0XS,caijing-8
290,02-06,non_fiction,财经杂志,01-29,全国多地“封村”，防疫效果如何？,https://mp.weixin.qq.com/s/yxSxbgWq6BN0vQDMz0edFw,,,https://archive.vn/QRGmx,caijing-9
289,02-06,non_fiction,财经杂志,01-27,不止有武汉：湖北疫区17城实录（下篇）,https://mp.weixin.qq.com/s/goz_wgrE239Z_kqcZWe4vg,,,https://archive.vn/D209R,caijing-7
288,02-06,non_fiction,财经杂志,01-26,不止有武汉：湖北疫区16城实录 （上篇）,https://mp.weixin.qq.com/s/1e6gQVfmG50wvcwS7YhTfw,,,https://archive.vn/8fRaA,caijing-6
287,02-06,non_fiction,财经杂志,01-24,武汉“封城”首日实录：医院少床位、防护缺资源、病患难隔离,https://mp.weixin.qq.com/s/4G0TJbxHw1JZZRbrGYUEeg,,,https://archive.vn/Jxuht,caijing-3
286,02-06,non_fiction,财经杂志,01-24,武汉医疗系统应急：七家定点医院仓促改造，临时医院将开建,https://mp.weixin.qq.com/s/T07-8osVsnHpw5caup2Drw,,,https://archive.vn/ae2HJ,caijing-4
285,02-06,non_fiction,财经杂志,01-24,武汉“封城”战疫情：民航铁路高速等出城通道相继关闭,https://mp.weixin.qq.com/s/Bdw7pKnvW8bQPA5ALzzhCQ,,,https://archive.vn/relXb,caijing-5
284,02-06,non_fiction,财经杂志,01-23,口罩告急！武汉医生每日发愁防护物资短缺,https://mp.weixin.qq.com/s/OG_c3iE4WB3AMpFgKcu4pQ,,,https://archive.vn/Xqnu3,caijing-2
283,02-06,non_fiction,财经杂志,01-22,“我丈夫感染了新型冠状病毒，治愈了”,https://mp.weixin.qq.com/s/zy0Pj-9CGT5rDC3j5ULnJg,,,https://archive.vn/KBIin,caijing-1
282,02-06,non_fiction,财新网,02-06,记者手记-疫情中的货车司机：每天只吃一顿饭,http://www.caixin.com/2020-02-06/101512091.html,,,http://archive.is/W5BXe,caixin-40
281,02-06,non_fiction,财新网,02-05,武汉百步亭社区多个门栋现发热患者 中老年人为主,http://www.caixin.com/2020-02-05/101511617.html,,,https://web.archive.org/web/20200205031020/http://www.caixin.com/2020-02-05/101511617.html,caixin-37
280,02-06,non_fiction,财新网,02-05,【独家】石正丽回应质疑 专家一致认为新冠病毒非人造,http://www.caixin.com/2020-02-05/101511847.html,,,http://archive.is/X8gXV,caixin-38
279,02-06,non_fiction,财新网,02-05,解药-武汉病毒所陷争议：为何此时宣布申请瑞德西韦新用途专利？,http://www.caixin.com/2020-02-05/101511847.html,,,http://archive.is/nLBnh,caixin-39
278,02-06,non_fiction,财新网,02-04,肺炎日记｜2月4日:确诊破两万，停工停业何时休,http://www.caixin.com/2020-02-05/101511603.html,,,https://web.archive.org/web/20200205074602/http://www.caixin.com/2020-02-05/101511603.html,caixin-16b
277,02-06,non_fiction,财新网,02-04,肺炎日记｜2月5日：疫情不确定性增加，危重病人三周定生死,http://www.caixin.com/2020-02-06/101512029.html,,,http://archive.is/vWEb6,caixin-16c
276,02-06,non_fiction,财新网,02-04,武汉疫情调查追踪：医护感染应受关注,http://www.caixin.com/2020-02-04/101511377.html,,,https://web.archive.org/web/20200204084331/http://www.caixin.com/2020-02-04/101511377.html,caixin-35
275,02-06,non_fiction,财新网,02-04,珠海暂停餐饮企业运营 禁止顾客现场就餐,http://www.caixin.com/2020-02-04/101511321.html,,,https://web.archive.org/web/20200205074118/http://www.caixin.com/2020-02-04/101511321.html,caixin-36
274,02-06,non_fiction,财新网,02-03,封面报道｜37位记者四万字全景调查：新冠病毒何以至此？（1）现场篇：武汉围城,http://weekly.caixin.com/2020-02-01/101510145.html,,,https://web.archive.org/web/20200201160704/http://weekly.caixin.com/2020-02-01/101510145.html,caixin-1
273,02-06,non_fiction,财新网,02-03,封面报道｜37位记者四万字全景调查：新冠病毒何以至此？（2）疑似病人难题：谁来关心“移动的传染源”,http://weekly.caixin.com/2020-02-01/101510146.html,,,https://web.archive.org/web/20200201160747/http://weekly.caixin.com/2020-02-01/101510146.html,caixin-2
272,02-06,non_fiction,财新网,02-03,封面报道｜37位记者四万字全景调查：新冠病毒何以至此？（3）解毒篇：溯源新冠病毒,http://weekly.caixin.com/2020-02-01/101510144.html,,,https://web.archive.org/web/20200201160819/http://weekly.caixin.com/2020-02-01/101510144.html,caixin-3
271,02-06,non_fiction,财新网,02-03,封面报道｜37位记者四万字全景调查：新冠病毒何以至此？（4）国际篇：全球共济,http://weekly.caixin.com/2020-02-01/101510143.html,,,https://web.archive.org/web/20200201160849/http://weekly.caixin.com/2020-02-01/101510143.html,caixin-4
270,02-06,non_fiction,财新网,02-03,肺炎日记｜2月3日：武汉大量疑似患者获收治 医疗措施是关键,http://www.caixin.com/2020-02-04/101511212.html,,,https://web.archive.org/web/20200204085039/http://www.caixin.com/2020-02-04/101511212.html,caixin-016a
269,02-06,non_fiction,财新网,02-03,应对节后返工潮 各地建设本地“小汤山”,http://www.caixin.com/2020-02-03/101511195.html,,,https://web.archive.org/web/20200204084038/http://www.caixin.com/2020-02-03/101511195.html,caixin-34
268,02-06,non_fiction,财新网,02-02,肺炎日记｜2月2日：力不从心红会“让路”，双黄连惹质疑,http://www.caixin.com/2020-02-03/101510766.html,,,https://web.archive.org/web/20200203104351/http://www.caixin.com/2020-02-03/101510766.html,caixin-16
267,02-06,non_fiction,财新网,02-02,抗新冠病毒“有效药”层出不穷 治疗效果如何证实？,http://www.caixin.com/2020-02-02/101510543.html,,,https://web.archive.org/web/20200203160811/http://www.caixin.com/2020-02-02/101510543.html,caixin-32
266,02-06,non_fiction,财新网,02-02,菲律宾出现境外首个新冠肺炎死亡病例 逝者为44岁武汉观光客,http://www.caixin.com/2020-02-02/101510661.html,,,https://web.archive.org/web/2020020316,caixin-33
265,02-06,non_fiction,财新网,02-01,肺炎日记｜2月1日：全国病例破万 社会力量参与抗疫呼声不止,http://www.caixin.com/2020-02-02/101510545.html,,,https://web.archive.org/web/20200203142833/http://www.caixin.com/2020-02-02/101510545.html,caixin-15
264,02-06,non_fiction,财新网,02-01,交通管制重创湖北家禽养殖业  鸡蛋积压鸡苗难消化,http://www.caixin.com/2020-02-01/101510167.html,,,https://web.archive.org/web/20200202210829/http://www.caixin.com/2020-02-01/101510167.html,caixin-28
263,02-06,non_fiction,财新网,02-01,武汉红会仓库直击：堆满物资，多家医院等数小时领到少许,http://www.caixin.com/2020-02-01/101510494.html,,,https://web.archive.org/web/20200203160703/http://www.caixin.com/2020-02-01/101510494.html,caixin-29
262,02-06,non_fiction,财新网,02-01,民航包机接送海外滞留湖北籍旅客回国,http://www.caixin.com/2020-02-01/101510403.html,,,https://web.archive.org/web/20200203160726/http://www.caixin.com/2020-02-01/101510403.html,caixin-30
261,02-06,non_fiction,财新网,02-01,境内统筹不力境外遇阻 防疫物资为何这么难？,http://www.caixin.com/2020-02-01/101510420.html,,,https://web.archive.org/web/20200203160747/http://www.caixin.com/2020-02-01/101510420.html,caixin-31
260,02-06,non_fiction,财新网,01-31,肺炎日记｜1月31日：疾控、红会陷争议，防疫环节何处失守？,http://www.caixin.com/2020-02-01/101510052.html,,,https://web.archive.org/web/20200203104331/http://www.caixin.com/2020-02-01/101510052.html,caixin-14
259,02-06,non_fiction,财新网,01-31,独家｜中国疾控中心高福、冯子健回应论文风波,http://www.caixin.com/2020-01-31/101509841.html,,,https://web.archive.org/web/20200202210822/http://www.caixin.com/2020-01-31/101509841.html,caixin-27
258,02-06,non_fiction,财新网,01-30,肺炎日记｜1月30日：“人传人”证据惹风波 重症患者救治难,http://www.caixin.com/2020-01-31/101509652.html,,,https://web.archive.org/web/20200203104330/http://www.caixin.com/2020-01-31/101509652.html,caixin-13
257,02-06,non_fiction,财新网,01-30,新春新知｜解药：新药和疫苗远水难救近火 专家吁政府长期投入,http://www.caixin.com/2020-01-30/101509498.html,,,https://web.archive.org/web/20200202210810/http://www.caixin.com/2020-01-30/101509498.html,caixin-26
256,02-06,non_fiction,财新网,01-29,肺炎日记 ｜ 1月29日：北京警示疫情扩散 社区是防疫第二战场,http://www.caixin.com/2020-01-29/101509414.html,,,https://web.archive.org/web/20200203104308/http://www.caixin.com/2020-01-29/101509414.html,caixin-12
255,02-06,non_fiction,财新网,01-29,特写｜疫情重压下的武汉社区：老人高烧死在家里之后,http://www.caixin.com/2020-01-29/101509272.html,,,https://web.archive.org/web/20200202210808/http://www.caixin.com/2020-01-29/101509272.html,caixin-25
254,02-06,non_fiction,财新网,01-28,肺炎日记 ｜ 1月28日：疫情十天或达高峰 武汉周边难题待解,http://www.caixin.com/2020-01-28/101509184.html,,,https://web.archive.org/web/20200203104306/http://www.caixin.com/2020-01-28/101509184.html,caixin-11
253,02-06,non_fiction,财新网,01-28,超万名医生线上问诊 补充湖北医疗资源,http://www.caixin.com/2020-01-28/101508924.html,,,https://web.archive.org/web/20200202210802/http://www.caixin.com/2020-01-28/101508924.html,caixin-24
252,02-06,non_fiction,财新网,01-27,肺炎日记 ｜ 1月27日：争夺抗疫窗口期，求解封堵战次生问题,http://www.caixin.com/2020-01-27/101508881.html,,,https://web.archive.org/web/20200203104247/http://www.caixin.com/2020-01-27/101508881.html,caixin-10
251,02-06,non_fiction,财新网,01-27,抗击“武汉肺炎” 多险企为医护人员提供保险保障,http://www.caixin.com/2020-01-27/101508806.html,,,https://web.archive.org/web/20200202210749/http://www.caixin.com/2020-01-27/101508806.html,caixin-23
250,02-06,non_fiction,财新网,01-26,肺炎日记丨1月26日：研究揭开肺炎扩散冰山一角,http://www.caixin.com/2020-01-26/101508615.html,,,https://web.archive.org/web/20200203104225/http://www.caixin.com/2020-01-26/101508615.html,caixin-9
249,02-06,non_fiction,财新网,01-26,湖北抗击肺炎疫情这一周：防控措施如何升级,http://www.caixin.com/2020-01-26/101508442.html,,,https://web.archive.org/web/20200202210743/http://www.caixin.com/2020-01-26/101508442.html,caixin-22
248,02-06,non_fiction,财新网,01-25,肺炎日记｜1月25日：抗疫全国总动员，物资困境如何解决？,http://www.caixin.com/2020-01-25/101508394.html,,,https://web.archive.org/web/20200203104205/http://www.caixin.com/2020-01-25/101508394.html,caixin-8
247,02-06,non_fiction,财新网,01-24,肺炎日记 ｜ 除夕夜：医护人员一线奋战，外地队伍千里驰援,http://www.caixin.com/2020-01-24/101508185.html,,,https://web.archive.org/web/20200203104203/http://www.caixin.com/2020-01-24/101508185.html,caixin-7
246,02-06,non_fiction,财新网,01-24,发热患者定点医院里的故事,http://www.caixin.com/2020-01-24/101508140.html,,,https://web.archive.org/web/20200202210728/http://www.caixin.com/2020-01-24/101508140.html,caixin-20
245,02-06,non_fiction,财新网,01-24,汉口医院直击：何时不再一床难求,http://www.caixin.com/2020-01-24/101508168.html,,,https://web.archive.org/web/20200202210740/http://www.caixin.com/2020-01-24/101508168.html,caixin-21
244,02-06,non_fiction,财新网,01-23,肺炎日记 ｜ 1月23日：武汉全面“封城”，全力遏制疫情,http://www.caixin.com/2020-01-23/101507939.html,,,https://web.archive.org/web/20200203103504/http://www.caixin.com/2020-01-23/101507939.html,caixin-6
243,02-06,non_fiction,财新网,01-23,解读｜武汉肺炎是如何确诊和发布的,http://www.caixin.com/2020-01-23/101507556.html,,,https://web.archive.org/web/20200202210707/http://www.caixin.com/2020-01-23/101507556.html,caixin-18
242,02-06,non_fiction,财新网,01-23,武汉百步亭“万家宴”过后 当地药店口罩脱销,http://www.caixin.com/2020-01-23/101507508.html,,,https://web.archive.org/web/20200202210722/http://www.caixin.com/2020-01-23/101507508.html,caixin-19
241,02-06,non_fiction,财新网,01-22,肺炎日记｜1月22日：疫情蔓延谣言飞起，攻坚战燃烽火,http://www.caixin.com/2020-01-22/101507421.html,,,https://web.archive.org/web/20200122214427/http://www.caixin.com/2020-01-22/101507421.html,caixin-5
240,02-06,non_fiction,财新网,01-22,记者手记｜野味成武汉肺炎元凶 你见过香港菜市场这么卖活物吗？,http://www.caixin.com/2020-01-22/101507417.html,,,https://web.archive.org/web/20200202210656/http://www.caixin.com/2020-01-22/101507417.html,caixin-17
239,02-06,non_fiction,大米和小米,01-31,湖北17岁脑瘫儿死亡前一天，父亲多次拨打120和110求助无果,https://mp.weixin.qq.com/s/_kgcFgzKW_tPNuzXlLVllg,,,https://archive.vn/mJdmX,dami-2
238,02-06,non_fiction,大米和小米,01-29,家人疑似新冠肺炎被隔离，湖北17岁脑瘫儿独自在家6天后死亡,https://mp.weixin.qq.com/s/SBEprNCnqygInRWWXbywEw,,,https://archive.is/idasq,dami-1
237,02-06,non_fiction,第一财经/第一财经YiMagazine,02-05,疫情之下，在线教育能否“逆行而上”？,https://mp.weixin.qq.com/s/B_K0CB1BTaU2bJ0UxBG9qQ,,,http://archive.ph/NXByv,diyicaijing-9
236,02-06,non_fiction,第一财经/第一财经YiMagazine,02-04,武汉可以从非典的经验中学到什么？,https://mp.weixin.qq.com/s/mtOqvgXq_pJPSBAILvAc4w,,,https://archive.is/DbYVk,diyicaijing-8
235,02-06,non_fiction,第一财经/第一财经YiMagazine,02-02,“失踪”的口罩和红十字会“黑洞”,https://mp.weixin.qq.com/s/k-tWQpbld2z4upwp9BX-Yw,,,https://archive.is/jMtPm,diyicaijing-7
234,02-06,non_fiction,第一财经/第一财经YiMagazine,02-01,疾控中心无辜吗？,https://mp.weixin.qq.com/s/MIzNa1Brqse1DY5HyV4r2Q,,,https://archive.is/0JZji,diyicaijing-6
233,02-06,non_fiction,第一财经/第一财经YiMagazine,01-29,武汉医生亲述：前线究竟需要什么,https://mp.weixin.qq.com/s/BW99ROc_5S1d41OA8wimnw,,,https://archive.is/cvZvh,diyicaijing-5
232,02-06,non_fiction,第一财经/第一财经YiMagazine,01-28,1月6日之后，12天病例零新增之谜,https://mp.weixin.qq.com/s/DDP846cgEhkiFhTgNVIXxw,,,https://archive.is/ABcym,diyicaijing-4
231,02-06,non_fiction,第一财经/第一财经YiMagazine,01-27,封城之前，500多万离开武汉的人都去了哪里？,https://mp.weixin.qq.com/s/r_y_pUAH1hBtRNkHBUYBKA,,,https://archive.is/ohZHg,diyicaijing-3
230,02-06,non_fiction,第一财经/第一财经YiMagazine,01-24,面对疫情升级，我们追问10个关键问题,https://mp.weixin.qq.com/s/a4ZV2rUOiWpCb69icJdLtA,,,https://archive.is/MSE5V,diyicaijing-2
229,02-06,non_fiction,第一财经/第一财经YiMagazine,01-23,“封城”前的武汉72小时,https://mp.weixin.qq.com/s/y0hV8ICGcI9FxZGAzK2Sbw,,,https://archive.is/btkuA,diyicaijing-1
228,02-06,non_fiction,故事FM,02-03,三个武汉人的外地隔离日记,https://mp.weixin.qq.com/s/4p4rD_V9W5HblfkAChSwVg,,,http://archive.ph/Ye6VJ,gushi-3
227,02-06,non_fiction,故事FM,02-02,武汉医生工作见闻：下了班，我还得帮科室抢物资,https://mp.weixin.qq.com/s/GMtH8mWqfYe8HGnlakTdug,,,http://archive.ph/8FI2F,gushi-2
226,02-06,non_fiction,故事FM,01-26,五个武汉人的封城日记,https://mp.weixin.qq.com/s/0CfHc9OqmP9rNGIaznnoHQ,,,https://archive.vn/G9eIQ,gushi-1
225,02-06,non_fiction,界面新闻,01-25,【特写】昨夜，武汉没有除夕,https://www.jiemian.com/article/3911556.html,,,https://web.archive.org/web/20200206043047/https://www.jiemian.com/article/3911556.html,jiemianxinwen-1
224,02-06,non_fiction,界面新闻,01-25,武汉困境：发热病人集中就诊，医疗资源严重短缺,https://new.qq.com/omn/20200125/20200125A0E4IZ00.html,,,https://archive.ph/8S0kD,jiemianxinwen-4
223,02-06,non_fiction,界面新闻,01-24,医院里新型冠状病毒肺炎检测试剂盒短缺，这是真正的原因,,TRUE,https://user.guancha.cn/main/content?id=231432&s=fwzwyzzwzbt,https://web.archive.org/web/20200126031425/https://www.jiemian.com/article/3909869.html,jiemianxinwen-3
222,02-06,non_fiction,界面新闻,01-23,对话武汉一线医护人员：所有隔离病房已饱和，身边已有同事感染,https://mp.weixin.qq.com/s/OO7W-6wToMxi7BJE8i-u9w,,,https://archive.is/RK14U,jiemianxinwen-2
221,02-06,non_fiction,经济观察报,02-05,接待医疗队、隔离疑似病例 这些酒店扛得很艰难,http://www.eeo.com.cn/2020/0205/375613.shtml,,,https://web.archive.org/web/20200205081335/http://www.eeo.com.cn/2020/0205/375613.shtml,jingji-13
220,02-06,non_fiction,经济观察报,02-05,“万家宴”社区百步亭确诊多例新冠肺炎 一小区55栋楼中33栋有发热病人,http://www.eeo.com.cn/2020/0205/375577.shtml,,,http://archive.ph/qmflg,jingji-14
219,02-06,non_fiction,经济观察报,02-05,【独家】红会等非定向捐赠医疗物资分配方案明确 3日前的一件不留,http://www.eeo.com.cn/2020/0204/375571.shtml,,,http://archive.ph/aQNYu,jingji-15
218,02-06,non_fiction,经济观察报,02-04,火神山医院会不会对武汉水源地形成污染？,http://www.eeo.com.cn/2020/0204/375570.shtml,,,http://archive.is/rItc8,jingji-12
217,02-06,non_fiction,经济观察报,02-02,武汉确诊病人被要求自我隔离 求助社区被拒后步行两小时就醫,http://www.eeo.com.cn/2020/0202/375421.shtml,,,https://web.archive.org/web/20200203163837/http://www.eeo.com.cn/2020/0202/375421.shtml,jingji-9
216,02-06,non_fiction,经济观察报,02-02,东北人在武汉：没了温泉、聚餐 一菜一饭也能好好过年,http://www.eeo.com.cn/2020/0202/375419.shtml,,,ttps://web.archive.org/web/20200203163823/http://www.eeo.com.cn/2020/0202/375419.shtml,jingji-10
215,02-06,non_fiction,经济观察报,02-02,长租公寓“威胁”填表遭质疑 部分长租公寓停止冻结门锁政策,http://www.eeo.com.cn/2020/0202/375407.shtml,,,https://web.archive.org/web/20200203150207/http://www.eeo.com.cn/2020/0202/375407.shtml,jingji-11
214,02-06,non_fiction,经济观察报,02-01,义乌“另类”劝返：疫情期不返回就发钱 有社区房东主动减免房租,http://www.eeo.com.cn/2020/0201/375364.shtml,,,https://web.archive.org/web/20200202135158/http://www.eeo.com.cn/2020/0201/375364.shtml,jingji-5
213,02-06,non_fiction,经济观察报,02-01,为给高烧8天的父亲找一个床位 她拨通了自我举报电话,http://www.eeo.com.cn/2020/0201/375381.shtml,,,https://web.archive.org/web/20200203065734/http://www.eeo.com.cn/2020/0201/375381.shtml,jingji-6
212,02-06,non_fiction,经济观察报,02-01,专访武汉“造谣”者之一谢琳卡医生：我的事情其实很简单，希望更多支援医护人员抗疫物,http://www.eeo.com.cn/2020/0201/375357.shtml,,,https://web.archive.org/web/20200203065733/http://www.eeo.com.cn/2020/0201/375357.shtml,jingji-7
211,02-06,non_fiction,经济观察报,02-01,捐赠物资“直达”武汉目标医院的另类样本：百万粉丝博主倒逼物流改变收件目的地,http://www.eeo.com.cn/2020/0201/375383.shtml,,,https://web.archive.org/web/20200202133644/http://www.eeo.com.cn/2020/0201/375383.shtml,jingji-8
210,02-06,non_fiction,经济观察报,01-31,武汉同济医院一线医生口述：每天面对死亡，紧张但不恐惧——专访武汉同济医院心内科医生赵金召,http://www.eeo.com.cn/2020/0131/375299.shtml,,,https://web.archive.org/web/20200201125743/http://www.eeo.com.cn/2020/0131/375299.shtml,jingji-1
209,02-06,non_fiction,经济观察报,01-31,肺炎疫情下的武汉高考生：节前紧急停课 节后教师排班在线授课 鼓励自主学习,http://www.eeo.com.cn/2020/0131/375283.shtml,,,https://web.archive.org/web/20200201154707/http://www.eeo.com.cn/2020/0131/375283.shtml,jingji-2
208,02-06,non_fiction,经济观察报,01-31,20万只口罩泰国扫货记,http://www.eeo.com.cn/2020/0131/375303.shtml,,,https://web.archive.org/web/20200201132919/http://www.eeo.com.cn/2020/0131/375303.shtml,jingji-3
207,02-06,non_fiction,经济观察报,01-31,疫情中受创行业里的他们：复工无期 月亏房租十几万 期待扶持政策中守望春天,http://www.eeo.com.cn/2020/0131/375272.shtml,,,https://web.archive.org/web/20200131123928/http://www.eeo.com.cn/2020/0131/375272.shtml,jingji-4
206,02-06,non_fiction,棱镜,02-05,中小企业“抗疫”：安全放第一；创业者总得乐观一些,https://mp.weixin.qq.com/s/mVAi8JzrCPM9xBj3vMiM7Q,,,http://archive.ph/msJkG,lengjing-15
205,02-06,non_fiction,棱镜,02-04,审批时限两年变四天，试剂盒“一路狂奔”进武汉,https://mp.weixin.qq.com/s/H-nB72VGs3eUQ5l5UDxkBg,,,http://archive.is/TQPm9,lengjing-14
204,02-06,non_fiction,棱镜,02-03,一位湖北村支书的“硬核”防疫样本：封村第九天，无确诊病例,https://mp.weixin.qq.com/s/uoqXdSU0k64MliChSml4Dw,,,http://archive.is/sqT0L,lengjing-13
203,02-06,non_fiction,棱镜,02-02,“每只利润四五厘”，中国口罩产业17年沉浮,https://mp.weixin.qq.com/s/zvWu8S0oy8stR2XmaOoRAg,,,http://archive.is/dwUMH,lengjing-12
202,02-06,non_fiction,棱镜,02-01,95后司机携妻为武汉送消毒水：“她担心我，死活不愿下车”,https://mp.weixin.qq.com/s/2qz2HErGQSFzK8wf0gDNfg,,,http://archive.is/A4VaF,lengjing-11
201,02-06,non_fiction,棱镜,01-31,把5G设备运进火神山！驰援武汉背后的物流链紧急重构,https://mp.weixin.qq.com/s/jHbw_LFibux3Tp_9nXh6cw,,,http://archive.is/eSiRK,lengjing-10
200,02-06,non_fiction,棱镜,01-30,大年初一，他们29小时接力给湖北医院送粮食,https://mp.weixin.qq.com/s/6MUXtOBj8JXbr-MnZIRlYg,,,http://archive.is/YVECZ,lengjing-9
199,02-06,non_fiction,棱镜,01-29,江苏到河南，800公里加急：一吨口罩原料的产业链接力,https://mp.weixin.qq.com/s/HWD6MrJBBo7BeT-QPylbkg,,,http://archive.is/lqZ0g,lengjing-8
198,02-06,non_fiction,棱镜,01-28,凌晨四点，他俩拉着100万个口罩进入武汉,https://mp.weixin.qq.com/s/EDiIUqfmahI4ONjq0sZ0kw,,,http://archive.is/ii0Yb,lengjing-6
197,02-06,non_fiction,棱镜,01-28,日本100万防疫口罩援驰中国：口罩大国制造商正加班加点,https://mp.weixin.qq.com/s/oimteOmcCb0fKKtEzZv1Zw,,,http://archive.is/walby,lengjing-7
196,02-06,non_fiction,棱镜,01-27,这座河南城市每天可以生产165万个口罩，但急需原材料,https://mp.weixin.qq.com/s/twE4RIyCBZy1P3rmw-muCQ,,,http://archive.is/PQqA6,lengjing-4
195,02-06,non_fiction,棱镜,01-27,240万口罩、100万医用手套、7万防护服的援鄂之路,https://mp.weixin.qq.com/s/oHh3qlxOEV6trnvUBGA4_Q,,,http://archive.is/3HKOt,lengjing-5
194,02-06,non_fiction,棱镜,01-26,轻症患者家属自述：冠状病毒肺炎很可恨，但没那么可怕,https://mp.weixin.qq.com/s/yJ2d0fPVQjZUAeB8ScwN7g,,,http://archive.is/doqY4,lengjing-3
193,02-06,non_fiction,棱镜,01-25,四个湖北家庭的除夕夜,https://mp.weixin.qq.com/s/kIyQY9F6oDRMql2SYnZLpg,,,http://archive.is/MIry1,lengjing-2
192,02-06,non_fiction,棱镜,01-24,冠状病毒检测盒生产商“三班倒”：每天产10万人份已是极限,https://mp.weixin.qq.com/s/Odh-vr1YEISnhFLYzpzSRw,,,http://archive.is/LFMyk,lengjing-1
191,02-06,non_fiction,轮到你了,02-04,我想让大家看到，武汉到底发生了什么：武汉一线摄影师专访,https://mp.weixin.qq.com/s/TK6RDPjPMwMN7-4U5deRxA,,,http://archive.ph/22qbI,lundao-2
190,02-06,non_fiction,轮到你了,01-30,有谁想去武汉？我们7个摄影记者全部报了名：武汉一线摄影师专访,https://mp.weixin.qq.com/s/nZecHSVTjFMqk0qCKhvc5w,,,https://archive.vn/W5SXB,lundao-1
189,02-06,non_fiction,南都周刊,02-05,武汉留守宠物救助：“我收到了人生中最密集的好意,https://mp.weixin.qq.com/s/aq5QSbcsTXNqznFvKv20lA,,,http://archive.ph/bePr8,nandu-13
188,02-06,non_fiction,南都周刊,02-02,湖北危机之下，饭圈女孩的驰援,https://mp.weixin.qq.com/s/GOFEixDCXSurJgWfYDnwvA,,,https://archive.vn/Kmwad,nandu-12
187,02-06,non_fiction,南都周刊,02-01,“她不怕我们！”被刷屏的湛江，这样对待湖北籍旅客,https://mp.weixin.qq.com/s/oqwmmL8xs0JYllpAhTkOWg,,,https://archive.vn/7Uwyb,nandu-10
186,02-06,non_fiction,南都周刊,02-01,“无法报销邮费”物资被湖北麻城红十字会拒收 市民政局：直接经手人撤职查办,https://mp.weixin.qq.com/s/gr6WT_MuxsGnOuUAcN9vuA,,,https://archive.vn/V8wmc,nandu-11
185,02-06,non_fiction,南都周刊,01-31,疫情之下，闯关到“前线”的海外捐赠物资,https://mp.weixin.qq.com/s/MfPOSTHpGXZxfLjxCmUn2A,,,https://archive.vn/Rk0ft,nandu-9
184,02-06,non_fiction,南都周刊,01-30,“不透析就是在等死” ，尿毒症患者的封城困境,https://mp.weixin.qq.com/s/ee7A9K-ZmTgg_p8CL2gpnA,,,https://archive.vn/78edC,nandu-8
183,02-06,non_fiction,南都周刊,01-29,线上问诊：抗击疫情的“第二战场”,https://mp.weixin.qq.com/s/8NGohUZvOmbc7f2I7Foabg,,,https://archive.vn/RXSjq,nandu-5
182,02-06,non_fiction,南都周刊,01-29,林俊杰、孙燕姿为疫情写歌：没有被禁锢的城，只有不离开的爱,https://mp.weixin.qq.com/s/7kA5-ZsZqiK_T1lVPTnyWQ,,,https://archive.vn/hBcIM,nandu-6
181,02-06,non_fiction,南都周刊,01-29,封城下的“出行难题”和急需去医院的人们,https://mp.weixin.qq.com/s/01doIwJFHoOfzZWiWUuPqQ,,,https://archive.vn/vswV9,nandu-7
180,02-06,non_fiction,南都周刊,01-28,危机下的民间志愿者：把自己逼成超级对接平台,https://mp.weixin.qq.com/s/z2lBpuEy10sMIIGxrtyW3g,,,https://archive.vn/V0sV2,nandu-4
179,02-06,non_fiction,南都周刊,01-27,武汉之外：多地村镇缺少隔离措施、防疫宣传，县级医院物资短缺,https://mp.weixin.qq.com/s/A2qcD4OIxErShAKunptGGQ,,,https://archive.vn/OPThl,nandu-3
178,02-06,non_fiction,南都周刊,01-25,疫情风暴眼中的武汉居民生活,https://mp.weixin.qq.com/s/kwBENUa9-Y8YRU5AfUEp2Q,,,https://archive.vn/m7eQB,nandu-1
177,02-06,non_fiction,南都周刊,01-25,医护人员住宿需求大，逾235家武汉酒店自发免费接待医护工作者,https://mp.weixin.qq.com/s/1VnblN_kMRVXqq-duvdqpg,,,https://archive.vn/0BTtk,nandu-2
176,02-06,non_fiction,南方周末/南方人物周刊,02-06,广东医疗队援汉日记：带上SARS防治经验，进入武汉疫区,https://mp.weixin.qq.com/s/58vY15giGS0SKGzL3-HD3w,,,http://archive.is/WnrtZ,nanfang-38
175,02-06,non_fiction,南方周末/南方人物周刊,02-06,“征用”疫情紧张地区防疫物资，大理太无理,https://mp.weixin.qq.com/s/SIBVrTfti5Nk42BwLvs7EA,,,http://archive.is/TZoof,nanfang-39
174,02-06,non_fiction,南方周末/南方人物周刊,02-06,谁是“假阴性”新冠肺炎病人,https://mp.weixin.qq.com/s/AFwRYmcdKjxuSyRj3l7vrA,,,http://archive.is/7rhcJ,nanfang-39
173,02-06,non_fiction,南方周末/南方人物周刊,02-05,“我想保护好我的村”,https://mp.weixin.qq.com/s/6YSBkxFykIO2HOe34JP3vw,,,http://archive.is/Im9d1,nanfang-36
172,02-06,non_fiction,南方周末/南方人物周刊,02-05,鄂外重灾区：国内多地重点管控“温州返回人员”,https://mp.weixin.qq.com/s/vzb7EeQjpgI9NO2S1_lCRw,,,http://archive.is/zpJDS,nanfang-37
171,02-06,non_fiction,南方周末/南方人物周刊,02-04,驰援武汉的上海专家：多数重症病人体内突然启动炎症风暴,https://mp.weixin.qq.com/s/rSR9IG3Kf6DqMFC17DLbAQ,,,http://archive.ph/s3BDM,nanfang-35
170,02-06,non_fiction,南方周末/南方人物周刊,02-03,双黄连风波中的上海药物所：曾投资过10家公司，非典中也有发现,http://www.infzm.com/contents/175738,,,https://web.archive.org/web/20200203102143/http://www.infzm.com/contents/175738,nanfang-33
169,02-06,non_fiction,南方周末/南方人物周刊,02-03,“外援”协助武汉红十字会后：理货效率提高，调配要听指令,https://mp.weixin.qq.com/s/WG9ZH24W79P8dv3Cff-0pg,,,http://archive.is/eTyl3,nanfang-34
168,02-06,non_fiction,南方周末/南方人物周刊,02-02,“有强烈无力感，在为定点医院床位不够买单” ——武汉社区医院主任自述,https://mp.weixin.qq.com/s/LjZu249MLiz_Fa9dBUFXqA,,,https://archive.vn/v3Y4R,nanfang-30
167,02-06,non_fiction,南方周末/南方人物周刊,02-02,陌路他乡——返京租客的四天三夜,https://mp.weixin.qq.com/s/E4wPvcpBl58V6SabUf64Sw,,,https://archive.vn/5EBId,nanfang-31
166,02-06,non_fiction,南方周末/南方人物周刊,02-02,被疫情捧红的“特效药,https://mp.weixin.qq.com/s/vEO8Sz14zSE9wKxAkj4NBg,,,https://archive.ph/9b5CP,nanfang-32
165,02-06,non_fiction,南方周末/南方人物周刊,02-01,武汉市红十字会工作人员： “我们的职能就是收，我们没有权力去决定发,https://mp.weixin.qq.com/s/0LyZtMNH87vnDwPNPymYHg,,,https://archive.vn/NKzw5,nanfang-24
164,02-06,non_fiction,南方周末/南方人物周刊,02-01,武汉一线医生眼中的困难：“最主要是供氧问题”,https://mp.weixin.qq.com/s/TlmSt1ZK7q8Dhp8vvuK1tA,,,https://archive.vn/pASpQ,nanfang-25
163,02-06,non_fiction,南方周末/南方人物周刊,02-01,湖北有很多鸡，怕撑不过正月十五了,https://mp.weixin.qq.com/s/mpXkMWlsMTZw1hs8tiThKA,,,https://archive.vn/aSBRo,nanfang-26
162,02-06,non_fiction,南方周末/南方人物周刊,02-01,“不是告急，是没有了”——武汉协和医院救援物资之困,https://mp.weixin.qq.com/s/UIrw86g_l_uEX-z29_N9yQ,,,https://archive.vn/jwC1i,nanfang-27
161,02-06,non_fiction,南方周末/南方人物周刊,02-01,独家深访：从发现到封城，武汉一线医护复盘疫情为何爆发,https://mp.weixin.qq.com/s/tKNwe5bY-rCqhl-juJWqrg,,,https://archive.vn/T5wcv,nanfang-28
160,02-06,non_fiction,南方周末/南方人物周刊,02-01,面对疫情，疾控中心是怎么工作的,https://mp.weixin.qq.com/s/P-P8N6UCsEXrxYGNEAKFiw,,,https://archive.vn/hriZU,nanfang-29
159,02-06,non_fiction,南方周末/南方人物周刊,01-31,"武汉启动“分级诊疗”后：社区医院物资短缺,有的护士防护服打上了补丁",https://mp.weixin.qq.com/s/t4P2rm0-AQ6Q-dojMKTT3A,,,https://archive.vn/Pr8pd,nanfang-23
158,02-06,non_fiction,南方周末/南方人物周刊,01-30,买票都实名制了，为何还借媒体找密切接触者？,https://mp.weixin.qq.com/s/wDJOGB5HGvHHavPvs8bInQ,,,https://archive.vn/XSdY6,nanfang-18
157,02-06,non_fiction,南方周末/南方人物周刊,01-30,那些志愿“以命相托”的武汉司机,https://mp.weixin.qq.com/s/2MVPC1kk1O7t99bZabyvWQ,,,https://archive.vn/EO369,nanfang-19
156,02-06,non_fiction,南方周末/南方人物周刊,01-30,防控疫情不力，全国至少33名干部受处分,https://mp.weixin.qq.com/s/5XiDAr82HVoWOSzi5QjLzw,,,https://archive.vn/vhWNy,nanfang-20
155,02-06,non_fiction,南方周末/南方人物周刊,01-30,疫情重压下的武汉殡葬服务：封城影响处理时间，患者遗体限定殡仪馆接收,https://mp.weixin.qq.com/s/yZoJtfEubQZt6snw4qFI6Q,,,https://archive.vn/CDEjs,nanfang-21
154,02-06,non_fiction,南方周末/南方人物周刊,01-30,湖北基层医院采购医生：封城后，到高速服务区“抢”口罩,https://mp.weixin.qq.com/s/0Poh4jtzw8iIVL5vAKcnag,,,https://archive.vn/AkdA8,nanfang-22
153,02-06,non_fiction,南方周末/南方人物周刊,01-29,襄阳：如何成为湖北唯一不“封城”的地级市,https://mp.weixin.qq.com/s/mjJ0UFgVDZYobb9vDgfVAg,,,https://archive.vn/Io690,nanfang-15
152,02-06,non_fiction,南方周末/南方人物周刊,01-29,“收留”回不了家的武汉人,https://mp.weixin.qq.com/s/hn_f5kscSBVHOVKlFrj78g,,,https://archive.vn/GjM8C,nanfang-16
151,02-06,non_fiction,南方周末/南方人物周刊,01-29,转染色体牛有望对抗新型冠状病毒,https://mp.weixin.qq.com/s/zGfwiKsXaXf6SQN3vpcaFQ,,,https://archive.vn/I2Tyg,nanfang-17
150,02-06,non_fiction,南方周末/南方人物周刊,01-28,武汉再造“小汤山”，当年的设计师叮嘱“保证安全是首位”,https://mp.weixin.qq.com/s/ptfu9KG4taWQP157yuLA7w,,,https://archive.is/0va8N,nanfang-13
149,02-06,non_fiction,南方周末/南方人物周刊,01-28,当饭圈遭遇疫情：做就是全部，公益无攀比,https://mp.weixin.qq.com/s/WXvKDeeL5kyqvR9csV8img,,,https://archive.is/BUvJ8,nanfang-14
148,02-06,non_fiction,南方周末/南方人物周刊,01-27,武汉机动车禁令后，这支四千人志愿车队说：“我们还在”,https://mp.weixin.qq.com/s/MPvdHv_ue0Xsnl--pmWyyA,,,https://archive.vn/svdyg,nanfang-11
147,02-06,non_fiction,南方周末/南方人物周刊,01-27,医护人员用文件袋自制护目镜——湖北县镇乡村防疫战,https://mp.weixin.qq.com/s/fvNVeyEQnkuyAGIeP6Gtug,,,https://archive.is/lrHLX,nanfang-12
146,02-06,non_fiction,南方周末/南方人物周刊,01-26,回不了家的武汉人,https://mp.weixin.qq.com/s/WEZlxPF53garYEWNBkN9HA,,,https://archive.vn/1gV1S,nanfang-5
145,02-06,non_fiction,南方周末/南方人物周刊,01-26,交通停摆之后，武汉医护人员出行难怎么解决,https://mp.weixin.qq.com/s/MgDbbq7u6hKGhYsE0zXrmw,,,https://archive.vn/AAWBP,nanfang-6
144,02-06,non_fiction,南方周末/南方人物周刊,01-26,武汉一线医护人员现在缺什么,https://mp.weixin.qq.com/s/UxguDEWZmis84eil08B6qQ,,,https://archive.vn/d5Bey,nanfang-7
143,02-06,non_fiction,南方周末/南方人物周刊,01-26,迟到的农村防疫：1个鄂西村医，44名武汉返乡人，来不及测的体温,https://mp.weixin.qq.com/s/DplK_A7_Zdlbz--l6ez0_w,,,https://archive.vn/PuVPT,nanfang-8
142,02-06,non_fiction,南方周末/南方人物周刊,01-26,到边界拿货，货车司机组队……医疗物资如何打通武汉城,https://mp.weixin.qq.com/s/GSmKFji5YCbXadOSCWGaBg,,,https://archive.vn/EsRAf,nanfang-9
141,02-06,non_fiction,南方周末/南方人物周刊,01-26,肺炎疫情亟需心理干预：“处理恐慌也是重大任务”,https://mp.weixin.qq.com/s/aMm-biE3d8svmbKI2TLjRg,,,https://archive.is/Zsv76,nanfang-10
140,02-06,non_fiction,南方周末/南方人物周刊,01-25,疫袭黄冈：从确诊到住院，短缺不止武汉,https://mp.weixin.qq.com/s/JxDg96QcU39uo5BJyU6TqA,,,https://archive.vn/BDBCw,nanfang-3
139,02-06,non_fiction,南方周末/南方人物周刊,01-25,武汉“难忘今宵”：一个年味杂陈的除夕夜,https://mp.weixin.qq.com/s/PKi7uaFhAW7-Tkh9Oy13Rw,,,https://archive.vm/OsgPc,nanfang-4
138,02-06,non_fiction,南方周末/南方人物周刊,01-24,口罩每天产800万只，厂商疯狂加班生产,https://mp.weixin.qq.com/s/pLJOk_83sCkqnyL9_nI6zA,,,https://archive.vn/MmWNO,nanfang-1
137,02-06,non_fiction,南方周末/南方人物周刊,01-24,武汉试剂代理商口述：我所知道的新型肺炎确诊盒供应现状,https://mp.weixin.qq.com/s/qoukJCLyFhUamB0GetOhLw,,,https://archive.vn/AAWBP,nanfang-2
136,02-06,non_fiction,女孩别怕,02-03,我的「抗疫」日记：濒临死亡时，我给家人留了告别视频,https://mp.weixin.qq.com/s/gmj0YbodxxTTmxVBdmU7WQ,,,http://archive.ph/RgCQt,nvhai-4
135,02-06,non_fiction,女孩别怕,01-31,外国人眼里的疫情中国：唱国歌，喝蝙蝠汤和只相信政府的中国人,https://mp.weixin.qq.com/s/qF9UYXx0q-tDTJ9AJDaaaw,,,https://archive.vn/zxSzD,nvhai-3
134,02-06,non_fiction,女孩别怕,01-30,疫情下的海外华人：孤立、恐慌、种族歧视和鼓励,https://mp.weixin.qq.com/s/-Z0FwcTUQezsdoUAArhWMA,,,https://archive.vn/yvdyW,nvhai-2
133,02-06,non_fiction,女孩别怕,01-27,确诊两天后去世，但官方没有他的名字：六个湖北女孩的封城日记,https://mp.weixin.qq.com/s/bdMSA_DDTYkZhUout2KauQ,,,https://archive.vn/OF4n5,nvhai-1
132,02-06,non_fiction,偶尔治愈,02-05,父亲被隔离 6 天后，疫情阴影下的残障少年之死,https://mp.weixin.qq.com/s/qQiIITJpHQowiITg6NDGDw,,,http://archive.ph/1XK7m,ouerzhiyu-5
131,02-06,non_fiction,偶尔治愈,02-04,武汉现场：核酸检测来不及，能用 CT 影像确诊新冠肺炎吗？,https://mp.weixin.qq.com/s/wgAYDAFCRJ-UKWD6CZ6ViA,,,http://archive.ph/lvTn3,ouerzhiyu-4
130,02-06,non_fiction,偶尔治愈,01-31,除夕夜自我隔离的武汉人和 100 套防护服曲折路,https://mp.weixin.qq.com/s/gIfjcaMuzadobmDvXkq77g,,,http://archive.ph/FAXHl,ouerzhiyu-3
129,02-06,non_fiction,偶尔治愈,01-27,武汉不设防,https://mp.weixin.qq.com/s/_H8_U41jm02-Z7opzOPSiw,,,http://archive.ph/C7XKa,ouerzhiyu-2
128,02-06,non_fiction,偶尔治愈,01-17,武汉病毒纪事——2020 年的第一场疫情,https://w.url.cn/s/AYOFgxx,,,http://archive.ph/E9KPm,ouerzhiyu-1
127,02-06,non_fiction,澎湃新闻,01-28,一个“重症肺炎”患者的最后12天,https://www.thepaper.cn/newsDetail_forward_5654338,,,https://archive.is/OoktE,pengpaixinwen-1
126,02-06,non_fiction,清流工作室,02-03,湖北仙桃口罩厂春节提前复工 4天后被叫停生产,https://mp.weixin.qq.com/s/1QX7aDTbfIkAuGtz3abXog,,,https://archive.is/hbnme,qingliu-7
125,02-06,non_fiction,清流工作室,02-02,疯狂的假口罩：药店也售假 募捐给武汉医院的物资现三无产品,https://mp.weixin.qq.com/s/kjSIBv_xca7LKNbLkMVnnw,,,https://archive.is/5pnaf,qingliu-6
124,02-06,non_fiction,清流工作室,02-01,莆田系医院获赠1.8万口罩背后: 与湖北红会7年间合作7次,https://mp.weixin.qq.com/s/OYx0z3_JT-kEhWOgDTIzAA,,,https://archive.is/hbnme,qingliu-5
123,02-06,non_fiction,清流工作室,01-31,黄晓明、林志玲捐的扶贫基金会赠170万口罩？供货商称：不做口罩，从未卖口罩给基金会,https://mp.weixin.qq.com/s/UwnYc3HqxA0xX9bH6vqelQ,,,https://archive.is/6U0v1,qingliu-4
122,02-06,non_fiction,清流工作室,01-30,湖北脑瘫儿之死：多方曾介入救助 父亲被隔离时想带其入院,https://mp.weixin.qq.com/s/3ifRFe4Teo7sS5XgJpz7Tw,,,https://archive.is/tqlTi,qingliu-3
121,02-06,non_fiction,清流工作室,01-27,华南海鲜市场余氏家族财富增长史：神秘商人如影相随 与武汉国资有交集,https://mp.weixin.qq.com/s/u4uZjK0nGkDzUo8PsbjV-A,,,https://archive.is/fy1FV,qingliu-2
120,02-06,non_fiction,清流工作室,01-26,湖北中部农村防疫日记：买不到口罩，外地归乡人不知道疫情,https://mp.weixin.qq.com/s/G8yzRAiZ8INwnR67sh25EA,,,https://archive.is/MtzeT,qingliu-1
119,02-06,non_fiction,人物,02-06,和疫情一线的医生聊的越多，就越尊重他们,https://mp.weixin.qq.com/s/GkWo9jxxzU3UFDE_z_X-7w,,,http://archive.is/i0d1k,renwu-21
118,02-06,non_fiction,人物,02-05,专访王广发：快速诊断是当务之急,https://mp.weixin.qq.com/s/9LOM6C7DGD8Meb6O6cZOoA,,,http://archive.is/jb532,renwu-19
117,02-06,non_fiction,人物,02-05,黄冈，疫情下的床位扩张战,https://mp.weixin.qq.com/s/JjRFGDvQT0TI93Tlzst1IQ,,,http://archive.is/wDm0h,renwu-20
116,02-06,non_fiction,人物,02-04,关于火神山医院的七个细节,https://mp.weixin.qq.com/s/g0gn0kmT0k5_8cozb1IMTg,,,http://archive.is/AxVEq,renwu-17
115,02-06,non_fiction,人物,02-04,武汉一线送奶工：我们只能相互依靠,https://mp.weixin.qq.com/s/5HgREEYkLH91Yq04FrPvjg,,,http://archive.is/LSIYq,renwu-18
114,02-06,non_fiction,人物,02-03,那些储备的医用物资都去了哪儿,https://mp.weixin.qq.com/s/Vqi5j05wgNy83Nwnn61Ywg,,,https://archive.vn/K592l,renwu-15
113,02-06,non_fiction,人物,02-03,穿梭在疫区的摆渡人：武汉的每个人都在努力,https://mp.weixin.qq.com/s/53pDJgSyEkm4DJtQ75zm0w,,,https://archive.ph/TfQpz,renwu-16
112,02-06,non_fiction,人物,02-02,我在金银潭重症监护室,https://mp.weixin.qq.com/s/yvdG6Svo6m71118C3ASpvQ,,,https://archive.vn/H6xQB,renwu-14
111,02-06,non_fiction,人物,02-01,民间组织疯狂捐赠，为什么武汉的医院还缺物资？,https://mp.weixin.qq.com/s/kwTrelshPSC6sedzK5yuhA,,,https://archive.ph/POPa5,renwu-11
110,02-06,non_fiction,人物,02-01,断药危机：封城封村之后的艾滋感染者,https://mp.weixin.qq.com/s/usMxDjsw_AbiIklg4piLIQ,,,https://archive.ph/ScKDy,renwu-12
109,02-06,non_fiction,人物,02-01,外卖订单里的武汉：穿越隔离的爱情、亲情和勇气,https://mp.weixin.qq.com/s/usyes_zthtlMG1SxVVHAhQ,,,https://archive.ph/LAwyQ,renwu-13
108,02-06,non_fiction,人物,01-31,武汉被打医生：我从来没有让自己崩溃,https://mp.weixin.qq.com/s/tgAhZex2ttWME2Hwsie_-Q,,,https://archive.ph/LTfDc,renwu-10
107,02-06,non_fiction,人物,01-30,曾在华南海鲜市场打工，荆州第一例治愈者口述：我是幸运的,https://mp.weixin.qq.com/s/rlq3hIMQ24Ch7oJnSuI4BQ,,,https://archive.ph/I3ZFt,renwu-8
106,02-06,non_fiction,人物,01-30,送走奶奶和爸爸，武汉女孩的漫长一月,https://mp.weixin.qq.com/s/EdU3VMccPlyfSeRJbP7hfQ,,,https://archive.ph/cLeJe,renwu-9
105,02-06,non_fiction,人物,01-29,「经过这次，我最担心的是武汉人的心理创伤」,https://mp.weixin.qq.com/s/oBeiNF-SHbad2hWxbeDIKw,,,https://archive.ph/UD3Xf,renwu-7
104,02-06,non_fiction,人物,01-28,他拉着10万只口罩，开往已经封城的武汉,https://mp.weixin.qq.com/s/Jj9_tZbP71lUqdNWubHUbg,,,https://archive.ph/94tCY,renwu-5
103,02-06,non_fiction,人物,01-28,口罩为什么会短缺？,https://mp.weixin.qq.com/s/VxH2jtybFOBDNfAGMOTOuw,,,https://archive.ph/LlkqG,renwu-6
102,02-06,non_fiction,人物,01-26,疾病袭城，武汉的医生们正在经历些什么？,https://mp.weixin.qq.com/s/HOsZ7hY5fNp-ts5FkNN35A,,,https://archive.ph/5zk2K,renwu-4
101,02-06,non_fiction,人物,01-25,除夕夜，他们在武汉,https://mp.weixin.qq.com/s/ibJV7JcZ3S_O5zIGbIxxWw,,,https://archive.ph/ZnUOw,renwu-2
100,02-06,non_fiction,人物,01-25,黄冈，一个武汉周边城市的疫情防控样本,https://mp.weixin.qq.com/s/RPeN7j0MNUyq8PwXL5-f6A,,,https://archive.ph/epmWt,renwu-3
99,02-06,non_fiction,人物,01-24,试剂盒供不应求，武汉新型冠状病毒肺炎确诊之难,https://mp.weixin.qq.com/s/Jazc0sbrp8ozVScWm3ksfQ,,,https://archive.is/D4Ct9,renwu-1
98,02-06,non_fiction,三联生活周刊,02-06,人畜共患病：病毒是如何入侵人类的？,https://mp.weixin.qq.com/s/YCW_AQP2ZsHh1GLN0CcdnQ,,,http://archive.today/zwdnQ,sanlian-31
97,02-06,non_fiction,三联生活周刊,02-06,这是我们最想看到的热搜，没有之一,https://mp.weixin.qq.com/s/atqSZqWllVbnNNSxNLcVaA,,,http://archive.today/a31MO,sanlian-32
96,02-06,non_fiction,三联生活周刊,02-05,武汉一线护士长：“我儿子才7岁，妈妈给他做个榜样”,https://mp.weixin.qq.com/s/lhZlcTObh_YmH2X-5X9QTQ,,,http://archive.is/bu4dR,sanlian-28
95,02-06,non_fiction,三联生活周刊,02-05,海外滞留的游客，你们不在孤岛上,https://mp.weixin.qq.com/s/psMGMQ7MNPN_dz2Q3bui-w,,,http://archive.today/Jh3gC,sanlian-29
94,02-06,non_fiction,三联生活周刊,02-05,抗击新冠：CT结果将纳入诊断标准,https://mp.weixin.qq.com/s/nmt0q-JPdKX8HHiU4Liw5A,,,http://archive.today/waEZA,sanlian-30
93,02-06,non_fiction,三联生活周刊,02-04,现场：火神山开通：病床该留给谁？,https://mp.weixin.qq.com/s/07-eyh4PxUtXf2F_WHpApQ,,,http://archive.ph/BPK3s,sanlian-24
92,02-06,non_fiction,三联生活周刊,02-04,猪也饿，二师兄挺住！,https://mp.weixin.qq.com/s/1wZN157owdDGzrAqDpkUZA,,,http://archive.today/m9BvX,sanlian-25
91,02-06,non_fiction,三联生活周刊,02-04,抗击新冠，瑞德西韦进入III期临床试验,https://mp.weixin.qq.com/s/lqthLSBwa2x-cN-mBzKq7g,,,http://archive.today/0lw4k,sanlian-26
90,02-06,non_fiction,三联生活周刊,02-04,感染后，他选择回家给发热患者网上看病，把床位留给病人,https://mp.weixin.qq.com/s/gdWu5PGrPuhZ3Op7Q2AE0g,,,http://archive.today/IKLGa,sanlian-27
89,02-06,non_fiction,三联生活周刊,02-03,武汉动物园求助：鹈鹕的命也是命,https://mp.weixin.qq.com/s/dGESQDDUDGqOB2bmbwUsgg,,,https://archive.vn/XdI9a,sanlian-21
88,02-06,non_fiction,三联生活周刊,02-03,口罩产能全球过半，为何还是“一罩难求”？,https://mp.weixin.qq.com/s/k_8VwKZRbrj5KZOqATrgdA,,,https://archive.vn/9vdIG,sanlian-22
87,02-06,non_fiction,三联生活周刊,02-03,疫情下，尿毒症患者的艰难“透析”路,https://mp.weixin.qq.com/s/viZO891XMPtERGJmM-7Cow,,,https://archive.vn/XJdwH,sanlian-23
86,02-06,non_fiction,三联生活周刊,02-02,父亲被隔离6天后，17岁脑瘫少年的死亡,https://mp.weixin.qq.com/s/U_cBuM7CtPJKWAJFM10MiA,,,https://archive.vn/IUmgZ,sanlian-20
85,02-06,non_fiction,三联生活周刊,02-01,湖北与武汉红会，物资捐赠卡在了这里？,https://mp.weixin.qq.com/s/CcP9ECRX80nCKvJxcRMDXw,,,https://archive.ph/J2aZR,sanlian-17
84,02-06,non_fiction,三联生活周刊,02-01,有家难回：新冠肺炎制造的“北漂”,https://mp.weixin.qq.com/s/iNLE576BAhJocqqT9CoGLg,,,https://archive.ph/n5264,sanlian-18
83,02-06,non_fiction,三联生活周刊,02-01,“封城”十天 ｜ 摄影镜头下的武汉,https://mp.weixin.qq.com/s/LTLq3ODjB0Rc86x8-ds3ig,,,https://archive.ph/h5ha4,sanlian-19
82,02-06,non_fiction,三联生活周刊,01-31,湖北即将断粮的3亿只鸡,https://mp.weixin.qq.com/s/3p0wx4vwYeVefOPY2DmL2g,,,https://archive.ph/CkJ8b,sanlian-16
81,02-06,non_fiction,三联生活周刊,01-30,“返京潮”的挑战，北京准备好了么？,https://mp.weixin.qq.com/s/HoAJyotAVQSHCphwPwTl_Q,,,https://archive.ph/fHd5k,sanlian-13
80,02-06,non_fiction,三联生活周刊,01-30,与武汉乘客同机：双方的困境,https://mp.weixin.qq.com/s/Bh9pxGlKfvytkaFEc6gDsA,,,https://archive.ph/1mNvK,sanlian-14
79,02-06,non_fiction,三联生活周刊,01-30,我守护在武汉金银潭的重症病房,https://mp.weixin.qq.com/s/tI0NB1Y9jUoBgddbEad9UQ,,,https://archive.ph/O2Z8n,sanlian-15
78,02-06,non_fiction,三联生活周刊,01-28,比“武汉加油”更实际的，是善待武汉人,https://mp.weixin.qq.com/s/tUiTDV-XWDOz7rkWQwgFgg,,,https://archive.ph/DMKEj,sanlian-10
77,02-06,non_fiction,三联生活周刊,01-28,武汉防疫：如何利用好现有资源？,https://mp.weixin.qq.com/s/QQQwIguacVU-w4YjWVWphQ,,,https://archive.ph/6BCnU,sanlian-11
76,02-06,non_fiction,三联生活周刊,01-28,在武汉，有这样一支4000多人的爱心车队,https://mp.weixin.qq.com/s/AnXfMKhWMRa3XCNN0nfP-w,,,https://archive.ph/NaHKy,sanlian-12
75,02-06,non_fiction,三联生活周刊,01-27,武汉急诊一线医生口述：惟愿冬天早点过去,https://mp.weixin.qq.com/s/qHj8OB8YPdBSH_6pb60-6A,,,https://archive.ph/BbFU0,sanlian-9
74,02-06,non_fiction,三联生活周刊,01-26,野味消费：病毒突变的“祸根”,https://mp.weixin.qq.com/s/QkeE500Jgher5WRP1CWTIQ,,,https://archive.ph/n2waS,sanlian-8
73,02-06,non_fiction,三联生活周刊,01-25,武汉医疗物资之困：我们能做什么？,https://mp.weixin.qq.com/s/guukcVI7iuu7aIeqzFVxFw,,,https://archive.ph/ZCLGX,sanlian-6
72,02-06,non_fiction,三联生活周刊,01-25,试剂盒困局：为何确诊这么难？,https://mp.weixin.qq.com/s/Xq7jT0ErmFsIXZY5m3xoNQ,,,https://archive.ph/y4Aqw,sanlian-7
71,02-06,non_fiction,三联生活周刊,01-24,“灯下黑”：武汉周边的疫情危机,https://mp.weixin.qq.com/s/PpEqQsyF2HklmlOvHDLw4A,,,https://archive.ph/mmewS,sanlian-4
70,02-06,non_fiction,三联生活周刊,01-24,湖北黄冈：一家四口疑似病例难确诊,https://mp.weixin.qq.com/s/DgYS6o-EhDCdN41_Za075A,,,https://archive.ph/shC8f,sanlian-5
69,02-06,non_fiction,三联生活周刊,01-23,武汉肺炎一线医生口述：大爆发期或将到来,https://mp.weixin.qq.com/s/9Lgl9h44gO9-XkPUrtfxRQ,,,http://archive.is/49ZPr,sanlian-2
68,02-06,non_fiction,三联生活周刊,01-23,武汉肺炎重症患者：一床难求,https://mp.weixin.qq.com/s/S6oKrc_CbO7ywWiRYiqbfQ,,,https://archive.ph/DD4X3,sanlian-3
67,02-06,non_fiction,三联生活周刊,01-22,武汉新型肺炎：为何直到今天才引起更大注意？,https://mp.weixin.qq.com/s/xuf8nn1OPOY51cyZMduQ-Q,,,https://archive.ph/Dm0pv,sanlian-1
66,02-06,non_fiction,腾讯深网,02-06,一位教育培训创业者的抗疫计划：我们准备这样扛过三个月,https://mp.weixin.qq.com/s/O00QQMVXRuLAaLIbcN5XuQ,,,http://archive.ph/tgCBm,shenwang-11
65,02-06,non_fiction,腾讯深网,02-04,一位治愈患者的抗疫日记：走过生死考验，我总结了这六个建议,https://mp.weixin.qq.com/s/3oTkd0s4OsrqM1EiPoys3Q,,,http://archive.is/lHHg8,shenwang-10
64,02-06,non_fiction,腾讯深网,02-03,33吨钢材火线驰援：19个小时、1100公里直抵雷神山,https://mp.weixin.qq.com/s/1eCvcbovu1G_1D5BzqVgKw,,,http://archive.is/wq2sq,shenwang-9
63,02-06,non_fiction,腾讯深网,02-02,京东武汉战事：金银潭医院500米处，为机枪手递上子弹,https://mp.weixin.qq.com/s/0BvECo4bwvmx6fc-807scw,,,http://archive.is/bzOey,shenwang-8
62,02-06,non_fiction,腾讯深网,02-01,黄冈基层民警的抗疫日记：春节六天回家一次，饿了老乡家吃碗面,https://mp.weixin.qq.com/s/YPfrMTGToGUWs8FVpMQkLw,,,http://archive.is/rPbxF,shenwang-7
61,02-06,non_fiction,腾讯深网,01-31,流血的人类抗毒史，是一场悲壮的长征,https://mp.weixin.qq.com/s/QJKLXhGjuBfa_A6iQMZWRA,,,http://archive.is/mBSuc,shenwang-6
60,02-06,non_fiction,腾讯深网,01-30,一位黄石餐饮老板的抗疫日记：退订3千桌团年饭，免费为医院送盒饭,https://mp.weixin.qq.com/s/9R9zNZ0MGYc0WwDWcWQFsA,,,http://archive.is/JpWVP,shenwang-5
59,02-06,non_fiction,腾讯深网,01-29,武汉支援医护车队司机自述：初一凌晨两点，我接到了去医院的第一单,https://mp.weixin.qq.com/s/kfEKgJvBKGxtkV3u1rZHSg,,,http://archive.is/piEEi,shenwang-4
58,02-06,non_fiction,腾讯深网,01-28,一位武汉诗人的小镇隔离日记：同事昨天感染了，从崩溃到重生,https://mp.weixin.qq.com/s/qjm3vH-GA1qUz9hNMECEkg,,,http://archive.is/LNZ1z,shenwang-3
57,02-06,non_fiction,腾讯深网,01-27,95后小伙除夕春节蹲守工厂三天，为湖北亲朋抢寄出上万个口罩,https://mp.weixin.qq.com/s/IzizQkZlR1CVgLZPTD8mRw,,,http://archive.is/zh3Tf,shenwang-2
56,02-06,non_fiction,腾讯深网,01-25,九个武汉普通人家的别样除夕,https://mp.weixin.qq.com/s/mP9BJ-7Jjvkg-5dd2cvRqQ,,,http://archive.is/95tQJ,shenwang-1
55,02-06,non_fiction,潇湘晨报,01-27,武汉ICU主任万字口述：我们收治了一个“毒王”,https://wxn.qq.com/cmsid/WXN2020012701171600,,,https://archive.ph/6My8c,xiaoxiang-1
54,02-06,non_fiction,新京报,02-02,湖北一亿只亟需饲料的蛋鸡,https://mp.weixin.qq.com/s/SM0QoFefHyIiCjp8FsnDGw,,,https://archive.ph/2V5OQ,xinjing-17
53,02-06,non_fiction,新京报,02-02,疫情之下，守护武汉的面孔,https://mp.weixin.qq.com/s/eY6JN2OlexP9LyU7JxwTlg,,,https://archive.ph/08oKB,xinjing-18
52,02-06,non_fiction,新京报,02-01,武汉医护酒店支援联盟发起人：我们一群人干了良心事,https://mp.weixin.qq.com/s/0fp2WglnapOlldcw1V453A,,,https://archive.ph/X0pIw,xinjing-14
51,02-06,non_fiction,新京报,02-01,疫情侵扰下的透析之路,https://mp.weixin.qq.com/s/R4EJKAwi_IVaAFsaOfoUWg,,,https://archive.ph/79oSj,xinjing-15
50,02-06,non_fiction,新京报,02-01,一夜疯狂的双黄连：有中药企业大年初二就开始加班生产,https://mp.weixin.qq.com/s/i93IabMRgRt7R3OXO6iq_g,,,https://archive.ph/HnmtC,xinjing-16
49,02-06,non_fiction,新京报,01-31,隔离病房中的95后：隔离区没法上厕所，纸尿裤是必须的,https://mp.weixin.qq.com/s/Ip5ygFwyV5n6p2RfnZaQoA,,,https://archive.ph/49DZs,xinjing-12
48,02-06,non_fiction,新京报,01-31,对话“传谣”被训诫医生：我是在提醒大家注意防范,https://mp.weixin.qq.com/s/S5z5jwSUr18pXexTFVa7uQ,,,https://archive.ph/giGd2,xinjing-13
47,02-06,non_fiction,新京报,01-30,武汉被感染护士康复后返岗，隔离前曾给家人留“遗书”,https://mp.weixin.qq.com/s/fRvkZpRSof3zjMz5QAsMDg,,,https://archive.ph/USqGr,xinjing-8
46,02-06,non_fiction,新京报,01-30,他离华南海鲜市场仅10分钟车程，一份来自疫区核心的市民观察,https://mp.weixin.qq.com/s/U6SUB9gqdClKd1-jmSLxxQ,,,https://archive.ph/wGxkM,xinjing-9
45,02-06,non_fiction,新京报,01-30,“一家三口都感染上了，能不能卖给我”？意外走红的抗艾药,https://mp.weixin.qq.com/s/fBnEIhYhUc8UfLHXZ4O8aA,,,https://archive.ph/xkqit,xinjing-10
44,02-06,non_fiction,新京报,01-30,天价口罩背后：原料价一天一涨，不惜亏本生产,https://mp.weixin.qq.com/s/n5hZE4rlszGiu6ra3jzXgg,,,https://archive.ph/J85u9,xinjing-11
43,02-06,non_fiction,新京报,01-29,小城肺炎防疫父女战：戴口罩小题大做，怕被认出来“丢人”,https://mp.weixin.qq.com/s/kgc08lqpBEEyVyz1qI8w1Q,,,https://archive.ph/iqq4p,xinjing-7
42,02-06,non_fiction,新京报,01-28,直击肺炎：有人囤货涨价用现金交易，线上断货线下断供,https://mp.weixin.qq.com/s/V7snceHLfx3SK6XiLNZu9Q,,,https://archive.ph/dBT3W,xinjing-6
41,02-06,non_fiction,新京报,01-27,武汉之外湖北多地医用物资告急：口罩最缺，根本买不到,https://mp.weixin.qq.com/s/RKnxbAn95LLyucx1Ms-FOQ,,,https://archive.ph/SM6E3,xinjing-5
40,02-06,non_fiction,新京报,01-23,直面新型肺炎，“刀尖上”的医护人员,https://mp.weixin.qq.com/s/A6J-kpsOfdrB0z9gcYoffg,,,https://archive.ph/gk621,xinjing-3
39,02-06,non_fiction,新京报,01-23,新型肺炎阴影下，迅速应对的香港,https://mp.weixin.qq.com/s/ItZEUJcvppAnlcVYQUPV5Q,,,https://archive.ph/FYrsn,xinjing-4
38,02-06,non_fiction,新京报,01-22,失控的野味,https://mp.weixin.qq.com/s/3Cxd9SKzxIxZIOKp6uz-VQ,,,https://archive.ph/efM1D,xinjing-1
37,02-06,non_fiction,新京报,01-22,暴风眼中的武汉,https://mp.weixin.qq.com/s/W0sY-XHFBcp382BKWSi90w,,,https://archive.ph/r67e0,xinjing-2
36,02-06,non_fiction,新周刊,02-03,旅行社老板荣荣：我在临沂过年关,http://app.neweekly.com.cn/h5/share/articlePage/shp1664152692-c4a006c836481a5e182e1f9e6d458140?m=2&v=1.8.0,,,https://archive.is/Yiphm,xinzhoukan-6
35,02-06,non_fiction,新周刊,02-02,那些一直短缺的物资，都是怎样运进武汉的？,https://mp.weixin.qq.com/s/8fAChrvwGiF9whN86pxGcw,,,http://archive.ph/Ny354,xinzhoukan-5
34,02-06,non_fiction,新周刊,01-30,面对风暴，不要让自己患上“情绪瘟疫”,https://mp.weixin.qq.com/s/AWrPqTXP_axA-DOZ3GAdYw,,,http://archive.ph/Dra3u,xinzhoukan-3
33,02-06,non_fiction,新周刊,01-30,中国疾控中心原副主任杨功焕：不要指望疫苗，最原始的防治可能最有效,https://mp.weixin.qq.com/s/KpJVjUvco88fgEPHu6d50A,,,https://archive.is/j3OIi,xinzhoukan-4
32,02-06,non_fiction,新周刊,01-28,武汉的年夜饭：从来没有这么简单，从来没有这么重要,https://mp.weixin.qq.com/s/Ln5d19NcQ88wA639ZIfb1w,,,http://archive.ph/mKASo,xinzhoukan-1
31,02-06,non_fiction,新周刊,01-28,72小时全记录，我在K3列车上见证“跨国疫情”,https://mp.weixin.qq.com/s/pA8czro4r7x3gI1i3f39bg,,,https://archive.is/K2xcH,xinzhoukan-2
30,02-06,non_fiction,一条,01-29,媒体不死！武汉一线记者口述实录,https://mp.weixin.qq.com/s/zvYFAwO3mTm50HS8RA_PpQ,,,https://archive.vn/KhdKV,yitiao-1
29,02-06,non_fiction,云林街十七号,02-05,“我们住在一个家，却无法一起见面”,https://mp.weixin.qq.com/s/2Y29GH8WvTKaiR2nCH-IFA,,,http://archive.ph/KA0wG,yunlin-4
28,02-06,non_fiction,云林街十七号,02-04,我在监控里，看着武汉城里的爸爸和奶奶,https://mp.weixin.qq.com/s/3CRfraXnNL8BUSIKc68y-Q,,,http://archive.ph/THS4n,yunlin-3
27,02-06,non_fiction,云林街十七号,02-03,深夜，我在武汉等一辆救护车,https://mp.weixin.qq.com/s/Y81RfSUijuAJPNJRYf6J4g,,,http://archive.ph/IYxS5,yunlin-2
26,02-06,non_fiction,云林街十七号,02-02,武汉城里的白血病人,https://mp.weixin.qq.com/s/A6umF9iVQCrfOKbrlbcWoA,,,http://archive.ph/kl5Xu,yunlin-1
25,02-06,non_fiction,在人间living,02-05,我走了50公里，回武汉送外卖,https://mp.weixin.qq.com/s/kLAdvBG3UAQqEFYQoU9BSA,,,http://archive.is/0ea7J,living/living-10
24,02-06,non_fiction,在人间living,02-03,我在电话这头，试图帮武汉人平复“被现实打蒙的感觉”,https://mp.weixin.qq.com/s/Wt0wXiHClJvkO6-ksxZ1hQ,,,https://archive.ph/ihIGd,living-9
23,02-06,non_fiction,在人间living,02-02,疫情中一夜长大的少年,https://mp.weixin.qq.com/s/9Li-0f3IjRsWVr6rwcT37A,,,https://archive.ph/V5GvI,living-8
22,02-06,non_fiction,在人间living,01-31,武汉：一条与肺炎赛跑的餐饮供应链,https://mp.weixin.qq.com/s/__CNpvaXb7EoVPT0vSOjdg,,,https://archive.ph/YJGiY,living-6
21,02-06,non_fiction,在人间living,01-31,一辆载着15万副医用手套的车向武汉开去,https://mp.weixin.qq.com/s/qCY1T3MV0_hTvlGxQBlQaQ,,,https://archive.vn/HVzKl,living-7
20,02-06,non_fiction,在人间living,01-29,寻药的武汉护士: 虽然怕，但我们愿意守护这座城,https://mp.weixin.qq.com/s/Xl-uXGHEYUC-FBkLoaIJuw,,,https://archive.ph/WEmhA,living-5
19,02-06,non_fiction,在人间living,01-28,一个武汉隔离病房护士的自述,https://mp.weixin.qq.com/s/WZ3sotusU6FX-eXcN5MrnA,,,https://archive.ph/OL2w7,living-3
18,02-06,non_fiction,在人间living,01-28,妈妈在武汉隔离病房去世,https://mp.weixin.qq.com/s/1j1slHd58tG-h2DQ_Rp0fA,,,https://archive.ph/mXk7J,living-4
17,02-06,non_fiction,在人间living,01-27,父亲双肺感染严重，然而一床难求,https://mp.weixin.qq.com/s/_jOl6mDa-BzCknUwGLaj3Q,,,https://archive.ph/DxXxE,living-2
16,02-06,non_fiction,在人间living,01-26,武汉的除夕夜，我一个人在家自行观察,https://mp.weixin.qq.com/s/U4IrYQcPc6G-ce9X5eRE_g,,,https://archive.ph/EmrjV,living-1
15,02-06,non_fiction,中国经营报,01-26,重回武汉肺炎起点：卖野味的华南市场老板是谁？,https://mp.weixin.qq.com/s/Sy78Nr4y5rxn28jdjJlJbA,,,https://archive.is/yTFp3,zhongguojingyingbao-1
14,02-06,non_fiction,GQ报道,02-06,被感染护士治愈后重新上岗：如果我也害怕，大家可能都不干了,https://mp.weixin.qq.com/s/Uqf4mm_axUnDpkkBIqYPVA,,,http://archive.is/MoK4z,gq-13
13,02-06,non_fiction,GQ报道,02-05,饭圈救援2020,https://mp.weixin.qq.com/s/Wj0P1aT-1oHRbVij_Icbgg,,,http://archive.is/tvF2p,gq-12
12,02-06,non_fiction,GQ报道,02-03,疫情中的武汉孕妇：我想活命，我的孩子也是,https://mp.weixin.qq.com/s/-RADC529RPq099XE6-kwyw,,,https://archive.vn/HMvOi,gq-11
11,02-06,non_fiction,GQ报道,02-02,一群00后留学生的捐赠行动：“我们和真实的社会接上了”,https://mp.weixin.qq.com/s/JtBYRWZADzEF5fT9k7PgsQ,,,https://archive.vn/uNEOx,gq-10
10,02-06,non_fiction,GQ报道,02-01,武汉封城后的宠物营救计划：人类犯错的后果，不该由它们承担,https://mp.weixin.qq.com/s/Z8b1ULpnAQwIOzyZmA7xHA,,,https://archive.ph/ffrKU,gq-8
9,02-06,non_fiction,GQ报道,02-01,鸡在瘟疫蔓延时,https://mp.weixin.qq.com/s/yJ2ygq2NrMAhTFWYZsC3QA,,,https://archive.ph/ykEub,gq-9
8,02-06,non_fiction,GQ报道,01-31,疫情中的心理援助：寻找局部的安全,https://mp.weixin.qq.com/s/s3uvlWVUJ5ySuTvDlu_TxA,,,https://archive.ph/6BZ3r,gq-6
7,02-06,non_fiction,GQ报道,01-31,外卖骑手、出租车司机、快递员、志愿者……封城九日，他们维护着武汉的血脉,https://mp.weixin.qq.com/s/fYDPoKsPZ78oxqXBDFHIcw,,,https://archive.ph/Xp3G1,gq-7
6,02-06,non_fiction,GQ报道,01-30,恐慌很正常，当疫情结束，才是心理问题高发期,https://mp.weixin.qq.com/s/3Ox4w365hKqDU-_MAZJmbg,,,https://archive.ph/WVjSQ,gq-5
5,02-06,non_fiction,GQ报道,01-29,孝感前线医生：武汉更难，我们下面不好意思提要求,https://mp.weixin.qq.com/s/uGaFeqrqmLBQe5qdRSTeSQ,,,https://archive.ph/MnZrn,gq-3
4,02-06,non_fiction,GQ报道,01-29,疫情危机中不被看见的人们：武汉周边城市百姓的自救行动,https://mp.weixin.qq.com/s/D8Ob8pNmecHKXg7yR7EWFg,,,https://archive.ph/vDSj5,gq-4
3,02-06,non_fiction,GQ报道,01-28,我家离华南海鲜市场很近：返乡、封城、过年，一位武汉大学生的过去一周,https://mp.weixin.qq.com/s/n7dXGHh-79d6VEzDhhOUbQ,,,https://archive.ph/RSmFx,gq-2
2,02-06,non_fiction,GQ报道,01-28,武汉隔离：疫区、信息孤岛与一辆鄂A车的漂流,https://mp.weixin.qq.com/s/M-hVivF7NQmZHlu8YMnL_w,,,http://archive.is/3XKZD,gq-14
1,02-06,non_fiction,GQ报道,01-27,10000个临时发往武汉的口罩,https://mp.weixin.qq.com/s/p-uPky_zB6XKcAetthqkKg,,,https://archive.ph/9s1ug,gq-1