update,media,date,title,url,is_deleted,screenshot,archive
新增,,,,,,,
02-07,全民故事/计划,01-28,封城后的武汉，我都买了些什么,https://mp.weixin.qq.com/s/k00Oqm0vhna5r0Mh9tNNCw,,narr-quanmin-1,http://archive.is/oKZMa
02-07,全民故事、计划,02-01,在黄冈医院做保洁的母亲，被人举报后,https://mp.weixin.qq.com/s/booNSK5o-zu65VO-C2HgUA,,narr-quanmin-2,http://archive.is/d98ov
02-07,全民故事计划,02-02,武汉封城后，我的公司还能撑多久,https://mp.weixin.qq.com/s/kj9hCYGMHaxfUFrNsdyJlg,,narr-quanmin-3,http://archive.is/SHr1V
02-07,全民故事计划,02-08,我坐上了一辆有确诊患者的公交车,https://mp.weixin.qq.com/s/t5tnmr64WWOlxTlvcBmf7w,,narr-quanmin-4,http://archive.ph/V6HNj
,,,,,,,
02-07,三明治,01-24,50位武汉人，亲笔写下他们“封城”第一天的生活 | 三明治持续更新中,https://mp.weixin.qq.com/s/RlfYxEjJ7hWGblp8WG0YTg,,narr-sandwich-1,http://archive.is/Ymscl
02-07,三明治,01-25,2020武汉除夕夜：危机、亲情、祈祷 | 三明治持续更新中,https://mp.weixin.qq.com/s/mHcRvR9_svB-c2R7az2bLQ,,narr-sandwich-2,http://archive.is/MAr0m
02-07,三明治,01-26,视频麻将，做个美食，武汉人宅着的解压法 | 三明治武汉每日书03,https://mp.weixin.qq.com/s/Hhc2X5PQUnxp7kTBGZn-ag,,narr-sandwich-3,http://archive.is/Zo7c2
02-07,三明治,01-27,“不忘故乡” “因疫情严重禁止一切人员车辆出入” | 三明治武汉每日书04,https://mp.weixin.qq.com/s/2j_qhBXilkKLcCPQT3bB_w,,narr-sandwich-4,http://archive.is/9PJjY
02-07,三明治,01-28,预产期还有6天，我在武汉待产的医院被征用 | 武汉日常每日书05,https://mp.weixin.qq.com/s/coqsYikE_EF9FAspQ6doNA,,narr-sandwich-5,http://archive.is/BynKI
02-08,三明治,01-29,特殊时期要囤粮吗？我和伴侣有分歧｜三明治武汉每日书06,https://mp.weixin.qq.com/s/0VpS4viDqQy8mwvENZtoCw,,narr-sandwich-6,http://archive.is/DkYHK
02-08,三明治,01-30,自我隔离的日子，我和我的“疑病症”母亲 | 三明治武汉每日书07,https://mp.weixin.qq.com/s/-8yK2nLtmXANCayDWlnIyA,,narr-sandwich-7,http://archive.is/ryYvL
02-08,三明治,01-31,封城时刻，如何点一份令人放心的外卖 | 武汉每日书08,https://mp.weixin.qq.com/s/U94WYIYyjXk1vy9r2t_hQg,,narr-sandwich-8,http://archive.is/sBDws
02-08,三明治,02-01,“冒昧问一句，你这次回国没去过武汉吧？” | 美国南部的“肺炎”日记,https://mp.weixin.qq.com/s/mVDZDnsb2kj05DG08BjfVg,,narr-sandwich-9,http://archive.is/GsXJP
02-08,三明治,02-02,身在武汉，“半个”疫情志愿者的困惑 | 武汉日常每日书 09,https://mp.weixin.qq.com/s/YBQatn1Vkc_EKoBp3mIb2g,,narr-sandwich-10,http://archive.is/iUXlR
02-08,三明治,02-03,在新加坡，确诊”肺炎“病患的前居住地，离我不远 | 童言专栏,https://mp.weixin.qq.com/s/AyfKYhhvQJrWMS_qIVlR4g,,narr-sandwich-11,http://archive.is/D4UD5
02-08,三明治,02-03,禁令生效前，爷爷还是没有赶上赴美的航班 | 三明治,https://mp.weixin.qq.com/s/x6ukDPOOpATTcCUGeE_MHg,,narr-sandwich-12,http://archive.is/E7zEM
02-08,三明治,02-04,在北京郊区，“新村民”的我差点回不了家 | 三明治,https://mp.weixin.qq.com/s/b2b9Ldf1_9BED61tvwrKsA,,narr-sandwich-13,http://archive.is/gwUf7
02-08,三明治,02-04,他从武汉回家乡，被当成了“瘟神” | 武汉每日书 10,https://mp.weixin.qq.com/s/GvIiEl2ztd1GbDd0VBiWpg,,narr-sandwich-14,http://archive.is/tlzsN
02-08,三明治,02-05,江西十八线县城过年记：没有人可以被时代幸免 | 三明治,https://mp.weixin.qq.com/s/KOzaWeU3c_kj7nTerPEUOQ,,narr-sandwich-15,http://archive.is/vqTub
02-08,三明治,02-05,封城满14天了，我们的生活还在继续 | 三明治武汉每日书11,https://mp.weixin.qq.com/s/32gxKX-fRw4NVc4Wxzp2hA,,narr-sandwich-16,http://archive.is/7SS6d
02-08,三明治,02-06,封城第十五天，“今天也是，体温正常” | 三明治武汉每日书 12,https://mp.weixin.qq.com/s/TpA1NlS51T096VHC8PPLTw,,narr-sandwich-17,http://archive.ph/coubA
02-08,三明治,02-07,生活还要继续，但如果没有菜了…… ｜三明治武汉每日书13,https://mp.weixin.qq.com/s/5npU4Nr-t1riMnlBLffwQg,,narr-sandwich-18,http://archive.ph/Km6Gu
,,,,,,,
02-08,腾讯新闻《潜望》,01-28,武汉封城五日记：人与人之间不再信任 一天换了三套衣服,https://mp.weixin.qq.com/s/UsTn-zcsZ_hjfmsIbj4WjQ,,narr-qianwang-1,http://archive.ph/rl5zj
02-08,单读,01-24,武汉不是一个论据，生命也不是,https://mp.weixin.qq.com/s/70ppW1K28TXBcPWjcjpX-A,,narr-dandu-1a,http://archive.today/lZ4ND
02-08,单读,01-28,又活了一日,https://mp.weixin.qq.com/s/BkM4jgEAWSxXmf5ZzLhEHQ,,narr-dandu-1b,http://archive.today/RTng9
02-08,单读,02-02,我厌恶这样的懦弱,https://mp.weixin.qq.com/s/HUT_zOoZGZDHgb7HkrsCmw,,narr-dandu-1c,http://archive.today/7P1vU
02-08,硝美丽,01-26,一个独居女性的武汉封城日记|1月23—26日,https://mp.weixin.qq.com/s/Vnv77rXEKcJWcMdmtsuPBA,,narr-xiaomeili-1,http://archive.today/b7PCE
02-08,硝美丽,01-29,在孤城中重新寻找我的位置|郭晶的武汉封城日记|27—29日,https://mp.weixin.qq.com/s/Q8EcNvdo3CH4aV2wC5T2fQ,,narr-xiaomeili-2,http://archive.today/cAmei
02-08,硝美丽,02-01,与无力感共处|郭晶的武汉封城日记|1/30-2/1,https://mp.weixin.qq.com/s/RWpZvANAzEoSbx-RtAe2-w,,narr-xiaomeili-3,http://archive.today/XnDVS
02-08,硝美丽,02-04,人可以被困住，但不能因此停住|郭晶的武汉封城日记|2/2-2/4,https://mp.weixin.qq.com/s/wo-nfXfThWOWVnejj2U1fA,,narr-xiaomeili-4,http://archive.today/dkiaD
02-08,阑夕,01-26,武汉封城日记（上，第一至三天）,https://mp.weixin.qq.com/s/CaYLixxJAYcmmsvaZS6anw,,narr-lanxi-1,http://archive.today/M5vCz
02-08,阑夕,01-27,武汉封城日记｜第四天,https://mp.weixin.qq.com/s/lD6pyYvHs0VeMI7XY5HbBA,,narr-lanxi-2,http://archive.today/1ZuQD
02-08,阑夕,01-27,武汉封城日记｜第五天,https://mp.weixin.qq.com/s/kCtzW8GROlIKZbXLrv9JqQ,,narr-lanxi-3,http://archive.today/219Rk
02-08,阑夕,01-28,武汉封城日记｜第六天,https://mp.weixin.qq.com/s/R5alEj3NuDT5_Qg2ECHvfg,,narr-lanxi-4,http://archive.today/ErusF
02-08,阑夕,01-29,武汉封城日记｜第七天,https://mp.weixin.qq.com/s/GWnTHjgyWdGkGb1bwVlXEA,,narr-lanxi-5,http://archive.today/sFugG
02-08,阑夕,01-30,武汉封城日记｜第八天,https://mp.weixin.qq.com/s/v-G_WC5BwZeqZCeMfa3jhg,,narr-lanxi-6,http://archive.today/HztuK
02-08,阑夕,01-31,武汉封城日记｜第九天,https://mp.weixin.qq.com/s/lJREh8cS5F70H3233UyP7g,,narr-lanxi-7,http://archive.today/lvkZs
02-08,阑夕,02-01,武汉封城日记｜第十天,https://mp.weixin.qq.com/s/uLcRP-IdhL0WRsnnsFLwdw,,narr-lanxi-8,http://archive.today/K8FoO
02-08,阑夕,02-02,武汉封城日记｜第十一天,https://mp.weixin.qq.com/s/0UhnFKnFNONv2P0SR5DJMQ,,narr-lanxi-9,http://archive.today/aLZOa
02-08,阑夕,02-03,武汉封城日记｜第十二天,https://mp.weixin.qq.com/s/tNqOLYMdhvSFcQS9FER44A,,narr-lanxi-10,http://archive.today/NdZqc
02-08,阑夕,02-04,武汉封城日记｜第十三天,https://mp.weixin.qq.com/s/KkKm-V2UUCIlUcNs1iiQRA,,narr-lanxi-11,http://archive.today/qID2V
02-08,阑夕,02-05,武汉封城日记｜第十四天,https://mp.weixin.qq.com/s/FSr0gi5Q9OA4BdjCVUBynA,,narr-lanxi-12,http://archive.today/QlYsh
02-08,阑夕,02-06,武汉封城日记｜第十五天,https://mp.weixin.qq.com/s/RVwPNgD1u2XdC1ITZlaYjA,,narr-lanxi-13,http://archive.today/fZiRD
02-08,阑夕,02-07,武汉封城日记｜第十六天,https://mp.weixin.qq.com/s/g69dYPPiM52-RAaoqn1FuQ,,narr-lanxi-14,http://archive.ph/IbSnz
02-08,在人间living,01-27,疫区影像日记（一）,https://mp.weixin.qq.com/s/ZqBL5bV94EtXFTCxPEQaKw,,narr-living-1,http://archive.today/XrSfU
02-08,在人间living,02-01,疫区影像日记（二）：封城之后，我免费接送医护人员上下班,https://mp.weixin.qq.com/s/6-JLtsWVDArwITy5Z-VTpw,,narr-living-2,http://archive.today/rikIx
02-08,在人间living,02-07,疫区影像日记（三）：4个离家和回家的故事,https://mp.weixin.qq.com/s/ZgnJOdEMAoo2HgJvcnpc7A,,narr-living-3,http://archive.is/qoDKr
02-08,三联生活周刊,01-23,除夕夜，浙江一线医护人员给孩子的一封信,https://mp.weixin.qq.com/s/Cqpx5LpRy2Kcu7x4JsOjrQ,,narr-sanlian-1,http://archive.ph/wip/p7bUd
02-08,在人间living,01-24,武汉封城第一天,https://mp.weixin.qq.com/s/I_zoCI70yBATOAQeuK4GlA,,narr-living-4,http://archive.ph/A14yt
02-08,在人间living,01-25,武汉年夜饭,https://mp.weixin.qq.com/s/-S3uTcycp6uPcCZNKi8Nsw,,narr-living-5,http://archive.ph/fnQIV
02-08,冰点周刊,01-25,一位武汉妈妈的除夕日志：今年年夜饭有消毒水味道,https://mp.weixin.qq.com/s/lQOnRQhpt-fK1nLSUfgxZA,,narr-bingdian-1,http://archive.ph/GNL5j
02-08,冰点周刊,01-26,我的县城防疫笔记：200个口罩也不能让我安心,https://mp.weixin.qq.com/s/p6itVMxOUzvrCv8E6fciFw,,narr-bingdian-2,http://archive.ph/6q6uF
02-08,在人间living,01-26,封城前从武汉返回深圳，我主动向社区做了隔离报备,https://mp.weixin.qq.com/s/t0B3o0o6pjq94F4WquZaQw,,narr-living-6,http://archive.ph/zEnFz
02-08,在人间living,01-26,一个湖北母亲的三天三夜,https://mp.weixin.qq.com/s/t2_pedYXIxbkflmORX-tCw,,narr-living-7,http://archive.ph/V9I2Q
02-08,单读,01-27,武汉人不是病毒,https://mp.weixin.qq.com/s/dovLia-Uxt7cqDoIN0mTnA,,narr-dandu-2,http://archive.ph/wip/9Hzkn
02-08,南方周末,01-28,回家过年，我遇到了“封村”,https://mp.weixin.qq.com/s/RMylxhOvEokvaT-Xy23Lpg,,narr-nanfang-1,http://archive.ph/wip/ltzwm
02-08,南方周末,01-28,从武汉返回后的第20天，我在隔离病房独自过年,https://mp.weixin.qq.com/s/V8bGDfT3F5xXkpEpW4EH0A,,narr-nanfang-2,http://archive.ph/xFLYI
02-08,南方周末,01-28,在我家，恐慌未必都是坏事,https://mp.weixin.qq.com/s/OWQCYW3uhVdIb-YPct5QPA,,narr-nanfang-3,http://archive.ph/5ecdf
02-08,单读,01-28,防疫物资之困,https://mp.weixin.qq.com/s/bJzky6UC39Jvf6_mJCecXQ,,narr-dandu-3,http://archive.ph/QDFbc
02-08,单读,01-29,我的春节寻宝游戏：去找武汉车,https://mp.weixin.qq.com/s/F_cCH6G_0Zmhvkz3okLOBA,,narr-dandu-4,http://archive.ph/wip/Ip7LC
02-08,单读,01-29,不要让离开武汉的人再次绝望,https://mp.weixin.qq.com/s/bZwNSdoZbHsODqstR4440g,,narr-dandu-5,http://archive.ph/dgLer
02-08,江与湖,01-29,黄冈：疫区副中心的春节,https://mp.weixin.qq.com/s/RK6qV-_qstMj-VlVUeJ1yA,,narr-jiangyuhu-1,http://archive.ph/2eGYN
02-08,江与湖,02-06,疫区黄冈：葬礼，口罩与尿不湿,https://mp.weixin.qq.com/s/9LWIiXCgVZSon_Vtkq994A,,narr-jiangyuhu-2,http://archive.ph/sOUOq
02-08,人间theLivings,01-29,为了能去支援武汉，护士妻子取消了我们的婚礼,https://mp.weixin.qq.com/s/E9mAeW1PpPG1jSg3UbRvDQ,,narr-renjian-1,http://archive.ph/e3mbt
02-08,人间theLivings,01-30,风暴眼中武汉人：我再也忍不住失声痛哭,https://mp.weixin.qq.com/s/rgJTnLr4MWyqfjfVVXlO2w,,narr-renjian-2,http://archive.ph/aIsRY
02-08,单读,01-30,一位武汉外卖员的自述,https://mp.weixin.qq.com/s/VoEt-k6HTq-lEUgKa9R5IQ,,narr-dandu-6,http://archive.ph/PbsSa
02-08,单读,01-31,在黄冈，一个父亲的责任,https://mp.weixin.qq.com/s/aX_jN2i92FNu639YDrcItg,,narr-dandu-7,http://archive.ph/wip/isiOO
02-08,单读,02-01,封城一周，湖北人过得怎么样,https://mp.weixin.qq.com/s/1VZO_q23C9xf4VoDf30EVQ,,narr-dandu-8,http://archive.ph/TRDp9
02-08,在人间living,02-01,一个武汉心理咨询师这样剥离自己的恐慌,https://mp.weixin.qq.com/s/DLoyW4pJWRjb4aTGhhHo7A,,narr-living-8,http://archive.ph/vgX1u
02-08,人间theLivings,02-01,在被封住的村子里，我们就这样过完了年,https://mp.weixin.qq.com/s/iQAtu9C4KKjw4nOLDgOp_Q,,narr-renjian-3,http://archive.ph/wjC2b
02-08,二毛的杂笔,02-02,杂忆与杂写| 香港 我 除夕的隔离室,https://mp.weixin.qq.com/s/-DQCqbaf81rL82YV0kHJZA,,narr-ermao-1,http://archive.ph/xmh2S
02-08,央视新闻,02-03,城中十日：一个武汉隔离者的自述,https://mp.weixin.qq.com/s/V_d06OF1djSpU2vTy-U8vg,,narr-yangshi-1,http://archive.ph/yoW3z
02-08,三联生活周刊,02-03,吾心安处即是家,https://mp.weixin.qq.com/s/YOrDRRZfopRdVHUqcs926Q,,narr-sanlian-2,http://archive.ph/lAhQT
02-08,单读,02-03,疫情下的“小香港”，终归还是那个小县城,https://mp.weixin.qq.com/s/8nyCJtut3u2mvQ45MYO1dw,,narr-dandu-9,http://archive.ph/C9Av9
02-08,人间theLivings,02-03,在疫情面前，小镇上的每个人都不一样,https://mp.weixin.qq.com/s/QFpKtpIE6A-VoHH_lYcD3A,,narr-renjian-4,http://archive.ph/wip/nzCnh
02-08,在人间living,02-04,武汉封城后，有人在阳台喊话：“对面的，把窗户打开吵个架”,https://mp.weixin.qq.com/s/5JN_WdZgfwsnOMixZu4nvw,,narr-living-9,http://archive.ph/Yvnrh
02-08,人间theLivings,02-05,大年三十，父母送我们离开了湖北老家,https://mp.weixin.qq.com/s/Fc20d0dPVopFtUqL-vcdhw,,narr-renjian-5,http://archive.ph/wip/DwgB2
02-08,单读,02-06,三千里自驾返京记,https://mp.weixin.qq.com/s/PoQ-tAkZ6ltZg5Zz_owDww,,narr-dandu-10,http://archive.ph/wip/QkVOI
02-08,人间theLivings,02-06,武汉的餐饮人：在这个冬天等春天,https://mp.weixin.qq.com/s/tJm5hN_Z8weDwU28yqWwwQ,,narr-renjian-6,http://archive.is/Flj7S
02-08,冰点周刊,02-06,500万人离开武汉，我是其中之一,https://mp.weixin.qq.com/s/XwGAE0pOFF0GncN-IJlNhg,,narr-bingdian-3,http://archive.ph/vPgvG
02-08,人间theLivings,02-07,直到离开家时，我才真切感受到了恐惧,https://mp.weixin.qq.com/s/3BP67dNkLmlFXy9D1PNz4A,,narr-renjian-7,http://archive.is/7VsCj