media,date,title,url,screenshot,archive
三联生活周刊,01-23,武汉肺炎一线医生口述：大爆发期或将到来,"https://mp.weixin.qq.com/s?__biz=MTc5MTU3NTYyMQ==&mid=2650709421&idx=1&sn=b643a6cbe426320e5a64bcbbacbd3bb2&chksm=5afc8c876d8b059163ff43a650baea29857c1d8cb71010513e24de31c629f01e2e79a2261d32&scene=126&sessionid=1580366836&key=1f3bd73ca2cb19584342f3aa2370c04e7fc6f8e4f82ed6048fa2d6135a7ab3ff22ce7a8f3d9e22056bd52e1bf0de7d462a9aa8995cd08a545868ae7c407c23063ed8b7b044c11ffac1a7c18420ed9177&ascene=1&uin=MTE4NzU2NTYyOQ%3D%3D&devicetype=Windows+10&version=6208006f&lang=zh_CN&exportkey=AyFz3BtC8iCrYiPrNcKDwho%3D&pass_ticket=i9btyJOnbdJyPOU5NMCl5joL3LW7wnzSU%2FfpPiBYy%2Fuz50mYZm6MO38z1f3hfOZP",sanlian-2,"http://archive.is/49ZPr"
三联生活周刊,01-23,武汉肺炎重症患者：一床难求,"https://mp.weixin.qq.com/s?__biz=MTc5MTU3NTYyMQ==&mid=2650709439&idx=1&sn=a3d126f52128e2fcfeee337e32d01034&chksm=5afc8c956d8b058381afab4727df60aaf7b7bee5a1da095abf764bd7e11b3a4c685a30f248a9&scene=126&sessionid=1580366836&key=1f3bd73ca2cb195878ba682f0ba71a4250f2092911c01610e9cf86c03941138026079a09127c0da2da82a266f0c1a6af3809c6e9be45624ecdf25d4e65ce02d05d4647727dd15889f9d4711982c6b5aa&ascene=1&uin=MTE4NzU2NTYyOQ%3D%3D&devicetype=Windows+10&version=6208006f&lang=zh_CN&exportkey=A8OoZdJNCTCOaxh%2FwVebzi4%3D&pass_ticket=i9btyJOnbdJyPOU5NMCl5joL3LW7wnzSU%2FfpPiBYy%2Fuz50mYZm6MO38z1f3hfOZP",sanlian-3,"https://archive.ph/DD4X3"
三联生活周刊,01-24,“灯下黑”：武汉周边的疫情危机,"https://mp.weixin.qq.com/s/PpEqQsyF2HklmlOvHDLw4A",sanlian-4,"https://archive.ph/mmewS"
三联生活周刊,01-24,湖北黄冈：一家四口疑似病例难确诊,"https://mp.weixin.qq.com/s/DgYS6o-EhDCdN41_Za075A",sanlian-5,"https://archive.ph/shC8f"
三联生活周刊,01-25,武汉医疗物资之困：我们能做什么？,"https://mp.weixin.qq.com/s/guukcVI7iuu7aIeqzFVxFw",sanlian-6,"https://archive.ph/ZCLGX"
三联生活周刊,01-25,试剂盒困局：为何确诊这么难？,"https://mp.weixin.qq.com/s/Xq7jT0ErmFsIXZY5m3xoNQ",sanlian-7,"https://archive.ph/y4Aqw"
三联生活周刊,01-26,野味消费：病毒突变的“祸根”,"https://mp.weixin.qq.com/s/QkeE500Jgher5WRP1CWTIQ",sanlian-8,"https://archive.ph/n2waS"
三联生活周刊,01-27,武汉急诊一线医生口述：惟愿冬天早点过去,"https://mp.weixin.qq.com/s/qHj8OB8YPdBSH_6pb60-6A",sanlian-9,"https://archive.ph/BbFU0"
三联生活周刊,01-28,比“武汉加油”更实际的，是善待武汉人,"https://mp.weixin.qq.com/s/tUiTDV-XWDOz7rkWQwgFgg",sanlian-10,"https://archive.ph/DMKEj"
三联生活周刊,01-28,武汉防疫：如何利用好现有资源？,"https://mp.weixin.qq.com/s/QQQwIguacVU-w4YjWVWphQ",sanlian-11,"https://archive.ph/6BCnU"
三联生活周刊,01-28,在武汉，有这样一支4000多人的爱心车队,"https://mp.weixin.qq.com/s/AnXfMKhWMRa3XCNN0nfP-w",sanlian-12,"https://archive.ph/NaHKy"
三联生活周刊,01-30,“返京潮”的挑战，北京准备好了么？,"https://mp.weixin.qq.com/s/HoAJyotAVQSHCphwPwTl_Q",sanlian-13,"https://archive.ph/fHd5k"
三联生活周刊,01-30,与武汉乘客同机：双方的困境,"https://mp.weixin.qq.com/s/Bh9pxGlKfvytkaFEc6gDsA",sanlian-14,"https://archive.ph/1mNvK"
三联生活周刊,01-30,我守护在武汉金银潭的重症病房,"https://mp.weixin.qq.com/s/tI0NB1Y9jUoBgddbEad9UQ",sanlian-15,"https://archive.ph/O2Z8n"
三联生活周刊,01-31,湖北即将断粮的3亿只鸡,"https://mp.weixin.qq.com/s/3p0wx4vwYeVefOPY2DmL2g",sanlian-16,"https://archive.ph/CkJ8b"
三联生活周刊,02-01,湖北与武汉红会，物资捐赠卡在了这里？,"https://mp.weixin.qq.com/s/CcP9ECRX80nCKvJxcRMDXw",sanlian-17,"https://archive.ph/J2aZR"
三联生活周刊,02-01,有家难回：新冠肺炎制造的“北漂”,"https://mp.weixin.qq.com/s/iNLE576BAhJocqqT9CoGLg",sanlian-18,"https://archive.ph/n5264"
三联生活周刊,02-01,"“封城”十天 ｜ 摄影镜头下的武汉","https://mp.weixin.qq.com/s/LTLq3ODjB0Rc86x8-ds3ig",sanlian-19,"https://archive.ph/h5ha4"
三联生活周刊,02-02,父亲被隔离6天后，17岁脑瘫少年的死亡,"https://mp.weixin.qq.com/s/U_cBuM7CtPJKWAJFM10MiA",sanlian-20,"https://archive.vn/IUmgZ"
三联生活周刊,02-03,武汉动物园求助：鹈鹕的命也是命,"https://mp.weixin.qq.com/s/dGESQDDUDGqOB2bmbwUsgg",sanlian-21,"https://archive.vn/XdI9a"
三联生活周刊,02-03,口罩产能全球过半，为何还是“一罩难求”？,"https://mp.weixin.qq.com/s/k_8VwKZRbrj5KZOqATrgdA",sanlian-22,"https://archive.vn/9vdIG"
三联生活周刊,02-03,疫情下，尿毒症患者的艰难“透析”路,"https://mp.weixin.qq.com/s/viZO891XMPtERGJmM-7Cow",sanlian-23,"https://archive.vn/XJdwH"
三联生活周刊,02-04,现场：火神山开通：病床该留给谁？,"https://mp.weixin.qq.com/s/07-eyh4PxUtXf2F_WHpApQ",sanlian-24,"http://archive.ph/BPK3s"
三联生活周刊,02-04,猪也饿，二师兄挺住！,"https://mp.weixin.qq.com/s/1wZN157owdDGzrAqDpkUZA",sanlian-25,"http://archive.today/m9BvX"
三联生活周刊,02-04,抗击新冠，瑞德西韦进入III期临床试验,"https://mp.weixin.qq.com/s/lqthLSBwa2x-cN-mBzKq7g",sanlian-26,"http://archive.today/0lw4k"
三联生活周刊,02-04,感染后，他选择回家给发热患者网上看病，把床位留给病人,"https://mp.weixin.qq.com/s/gdWu5PGrPuhZ3Op7Q2AE0g",sanlian-27,"http://archive.today/IKLGa"
三联生活周刊,02-05,武汉一线护士长：“我儿子才7岁，妈妈给他做个榜样”,"https://mp.weixin.qq.com/s/lhZlcTObh_YmH2X-5X9QTQ",sanlian-28,"http://archive.is/bu4dR"
三联生活周刊,02-05,海外滞留的游客，你们不在孤岛上,"https://mp.weixin.qq.com/s/psMGMQ7MNPN_dz2Q3bui-w",sanlian-29,"http://archive.today/Jh3gC"
三联生活周刊,02-05,抗击新冠：CT结果将纳入诊断标准,"https://mp.weixin.qq.com/s/nmt0q-JPdKX8HHiU4Liw5A",sanlian-30,"http://archive.today/waEZA"
三联生活周刊,02-06,人畜共患病：病毒是如何入侵人类的？,"https://mp.weixin.qq.com/s/YCW_AQP2ZsHh1GLN0CcdnQ",sanlian-31,"http://archive.today/zwdnQ"
三联生活周刊,02-06,这是我们最想看到的热搜，没有之一,"https://mp.weixin.qq.com/s/atqSZqWllVbnNNSxNLcVaA",sanlian-32,"http://archive.today/a31MO"
剥洋葱people,01-20,直击肺炎疫情下的武汉、北京、香港,"https://mp.weixin.qq.com/s/g0yMaWd6JbkSp2t79wjh7A",people-1,"https://archive.ph/BLmAC"
剥洋葱people,01-21,聚焦武汉肺炎疫情：“大众畜牧野味”确实存在，市场休市后才闭店,"https://mp.weixin.qq.com/s/6CPkhUWzM6f2NxP8rMWNUQ",people-2,"https://archive.ph/F71nd"
剥洋葱people,01-23,武汉“封城”首日,"https://mp.weixin.qq.com/s/wsF9JFH2CayADLXqJIS1wg",people-3,"https://archive.ph/eEy4D"
剥洋葱people,01-24,除夕夜，写下“请战书”的小汤山非典医疗队驰援武汉,"https://mp.weixin.qq.com/s/RiHMv1FKurR2PJDiJNMw1g",people-4,"https://archive.ph/pr6x0"
剥洋葱people,01-25,小汤山医院设计师：没想到图纸再用，希望武汉新医院效果更好,"https://mp.weixin.qq.com/s/1n-xp71p0D8odkuZhIvfTg",people-5,"https://archive.ph/SKFP4"
剥洋葱people,01-27,绿色通道、通行证、医院证明：医疗捐赠物资出入武汉记,"https://mp.weixin.qq.com/s/R-iXDgYd3ZZLBLiLEzxH9g",people-6,"https://archive.ph/DQGB0"
剥洋葱people,01-28,一个河北县城的防疫：建成隔离病区，医护缺乏专业口罩,"https://mp.weixin.qq.com/s/K8K3KJiTbOhXW8_x_-eCJg",people-7,"https://archive.ph/vQypN"
剥洋葱people,01-30,武汉某定点医院被隔离的医生：曾一晚接诊200名患者,"https://mp.weixin.qq.com/s/FefTq9st-CqqEPTL02D-Kg",people-8,"https://archive.ph/DiLpu"
剥洋葱people,01-31,黄冈“小汤山”的志愿服务48小时,"https://mp.weixin.qq.com/s/FefTq9st-CqqEPTL02D-Kg",people-9,"https://archive.ph/KSl5B"
剥洋葱people,01-31,"武汉医生驿站 ：为4万人次提供住宿 有退出也有坚守","https://mp.weixin.qq.com/s/9xE1nK4DkFcutVCsG7WNaA",people-10,"https://archive.ph/iTHtH"
剥洋葱people,02-01,武汉定点医院一床难求，患者居家用衣柜隔离,"https://mp.weixin.qq.com/s/p45GBxC_Nm1lcZJg1hf6ZA",people-11,"https://archive.ph/bAMkD"
剥洋葱people,02-02,肺炎时期的“生门”故事,"https://mp.weixin.qq.com/s/qhZoz__WW69klJ200JUMdw",people-12,"https://archive.vn/85jOE"
剥洋葱people,02-03,为家乡医院筹口罩,"https://mp.weixin.qq.com/s/Mknh3AVvWcjOSaNPJXFduQ",people-13,"https://archive.vn/2B12I"
剥洋葱people,02-03,疫情下的心理危机干预：用电话线联结的救援行动,"https://mp.weixin.qq.com/s/aLMcuHvTAYvrYoUL6MNcHg",people-14,"https://archive.vn/sfmr4"
剥洋葱people,02-03,“战友变患者”的武汉医生：我们怕了、退了，武汉怎么办？,"https://mp.weixin.qq.com/s/SE6RSOF68h6jUrWZ5SUp6Q",people-15,"https://archive.vn/th1sL"
新京报,01-22,失控的野味,"https://mp.weixin.qq.com/s/3Cxd9SKzxIxZIOKp6uz-VQ",xinjing-1,"https://archive.ph/efM1D"
新京报,01-22,暴风眼中的武汉,"https://mp.weixin.qq.com/s/W0sY-XHFBcp382BKWSi90w",xinjing-2,"https://archive.ph/r67e0"
新京报,01-23,直面新型肺炎，“刀尖上”的医护人员,"https://mp.weixin.qq.com/s/A6J-kpsOfdrB0z9gcYoffg",xinjing-3,"https://archive.ph/gk621"
新京报,01-23,新型肺炎阴影下，迅速应对的香港,"https://mp.weixin.qq.com/s/ItZEUJcvppAnlcVYQUPV5Q",xinjing-4,"https://archive.ph/FYrsn"
新京报,01-27,武汉之外湖北多地医用物资告急：口罩最缺，根本买不到,"https://mp.weixin.qq.com/s/RKnxbAn95LLyucx1Ms-FOQ",xinjing-5,"https://archive.ph/SM6E3"
新京报,01-28,直击肺炎：有人囤货涨价用现金交易，线上断货线下断供,"https://mp.weixin.qq.com/s/V7snceHLfx3SK6XiLNZu9Q",xinjing-6,"https://archive.ph/dBT3W"
新京报,01-29,小城肺炎防疫父女战：戴口罩小题大做，怕被认出来“丢人”,"https://mp.weixin.qq.com/s/kgc08lqpBEEyVyz1qI8w1Q",xinjing-7,"https://archive.ph/iqq4p"
新京报,01-30,武汉被感染护士康复后返岗，隔离前曾给家人留“遗书”,"https://mp.weixin.qq.com/s/fRvkZpRSof3zjMz5QAsMDg",xinjing-8,"https://archive.ph/USqGr"
新京报,01-30,他离华南海鲜市场仅10分钟车程，一份来自疫区核心的市民观察,"https://mp.weixin.qq.com/s/U6SUB9gqdClKd1-jmSLxxQ",xinjing-9,"https://archive.ph/wGxkM"
新京报,01-30,“一家三口都感染上了，能不能卖给我”？意外走红的抗艾药,"https://mp.weixin.qq.com/s/fBnEIhYhUc8UfLHXZ4O8aA",xinjing-10,"https://archive.ph/xkqit"
新京报,01-30,天价口罩背后：原料价一天一涨，不惜亏本生产,"https://mp.weixin.qq.com/s/n5hZE4rlszGiu6ra3jzXgg",xinjing-11,"https://archive.ph/J85u9"
新京报,01-31,隔离病房中的95后：隔离区没法上厕所，纸尿裤是必须的,"https://mp.weixin.qq.com/s/Ip5ygFwyV5n6p2RfnZaQoA",xinjing-12,"https://archive.ph/49DZs"
新京报,01-31,对话“传谣”被训诫医生：我是在提醒大家注意防范,"https://mp.weixin.qq.com/s/S5z5jwSUr18pXexTFVa7uQ",xinjing-13,"https://archive.ph/giGd2"
新京报,02-01,武汉医护酒店支援联盟发起人：我们一群人干了良心事,"https://mp.weixin.qq.com/s/0fp2WglnapOlldcw1V453A",xinjing-14,"https://archive.ph/X0pIw"
新京报,02-01,疫情侵扰下的透析之路,"https://mp.weixin.qq.com/s/R4EJKAwi_IVaAFsaOfoUWg",xinjing-15,"https://archive.ph/79oSj"
新京报,02-01,一夜疯狂的双黄连：有中药企业大年初二就开始加班生产,"https://mp.weixin.qq.com/s/i93IabMRgRt7R3OXO6iq_g",xinjing-16,"https://archive.ph/HnmtC"
新京报,02-02,湖北一亿只亟需饲料的蛋鸡,"https://mp.weixin.qq.com/s/SM0QoFefHyIiCjp8FsnDGw",xinjing-17,"https://archive.ph/2V5OQ"
新京报,02-02,疫情之下，守护武汉的面孔,"https://mp.weixin.qq.com/s/eY6JN2OlexP9LyU7JxwTlg",xinjing-18,"https://archive.ph/08oKB"
北青深一度,01-21,一个武汉肺炎康复患者的样本观察：我与新型冠状病毒搏斗的22天,"https://mp.weixin.qq.com/s/Ps5lUon8LMCxLrPGwqKjMg",beiqing-1,"https://archive.ph/cMxZj"
北青深一度,01-23,抗击新型冠状病毒的基层医院：发热门诊排长队，防疫物资现短缺，送检需有疫区接触史,"https://mp.weixin.qq.com/s/f-mER12NzQPQBjVlXgpUYA",beiqing-2,"https://archive.ph/pwuCZ"
北青深一度,01-25,武汉除夕故事：照顾发烧的丈夫，妻子穿上一次性塑料雨衣,"https://mp.weixin.qq.com/s/9vU-JV6adRw62muBydqT0Q",beiqing-3,"https://archive.ph/1AHJN"
北青深一度,01-26,自我隔离的抗疫医生：没人去坐市民的爱心车，骂跑要来陪的女朋友,"https://mp.weixin.qq.com/s/iq3iNFpnqchhr1_dZDv8HA",beiqing-4,"https://archive.ph/otPCi"
北青深一度,01-27,受训诫的武汉医生：11天后被病人传染住进隔离病房，之前群内言论被断章取义,"https://mp.weixin.qq.com/s/YRIjgJ60NdIYVqUMiLgoRg",beiqing-5,"https://archive.is/TgEKH"
北青深一度,01-28,“中国顶级SARS病房”专家童朝晖：目前重症患者没有减少趋势，核酸检测已引入第三方,"https://mp.weixin.qq.com/s/NBdAjSF8WAYYuSq9d2hYYA",beiqing-6,"https://archive.ph/O9IsU"
北青深一度,01-28,武汉街头的“摆渡人”：每分钟处理1000条信息，不是不怕感染，停了医护人员怎么上班,"https://mp.weixin.qq.com/s/fUtAhkgUZvpLHEAvX6O-Tg",beiqing-7,"https://archive.ph/cze3f"
北青深一度,01-29,武汉城外的重负：地县乡三级抗疫遭遇的百万返乡潮,"https://mp.weixin.qq.com/s/o36treeC6mAJSzd92bKLZQ",beiqing-8,"https://archive.ph/oDYjA"
北青深一度,02-01,新冠病毒出现多例“两阴后变阳”病例，专家称临床不应轻易排除,"https://mp.weixin.qq.com/s/ROO6IRPYUHHnJzHnCR88sQ",beiqing-9,"https://archive.ph/HF5xY"
北青深一度,02-02,一个武汉红十字会志愿者的自述,"https://mp.weixin.qq.com/s/f-5AC4hP2M06Va48CsLRxQ",beiqing-10,"https://archive.ph/fc7Td"
北青深一度,02-03,一个高铁密切接触者的“自白”：他就坐在我旁边，没摘过口罩,"https://mp.weixin.qq.com/s/emor4QFaVJCKDLitIQcPsw",beiqing-11,"https://archive.vn/pyT50"
北青深一度,02-04,武汉早期感染最重医生：出ICU还要很长康复期，目前呼吸仍困难,"https://mp.weixin.qq.com/s/KmyIc8SZIYCWZuUSU2cmRg",beiqing-12,"http://archive.is/wDwnn"
冰点周刊,01-22,新型肺炎疫情防控下的武汉生活,"https://mp.weixin.qq.com/s/cg4qHhta8nLx93PDaW1dHQ",bingdian-1,"https://archive.ph/KijR8"
冰点周刊,01-23,肺炎疫情中的人們,"https://mp.weixin.qq.com/s/kUY_Sr3s52pn4jfs8RK60A",bingdian-2,"https://archive.ph/IltEn"
冰点周刊,01-23,防疫升級後的武漢,"https://mp.weixin.qq.com/s/-RmxrJ8VeqzgiBMAGmzYPA",bingdian-3,"https://archive.ph/uEKfA"
冰点周刊,01-24,"全國人在吃年夜飯 他們在建「武漢小湯山」","https://mp.weixin.qq.com/s/BsKYzzw0CH9e-jQTa76iGQ",bingdian-4,"https://archive.ph/jK9Nz"
冰点周刊,01-25,中青報記者大年初一探訪武漢市第五醫院,"https://mp.weixin.qq.com/s/EdIVxRLtkUZPGD_L4pXOBA",bingdian-5,"https://archive.ph/gAEI2"
冰点周刊,01-26,一个湖北村庄的防疫故事：村医穿雨衣当防护服,"https://mp.weixin.qq.com/s/Ual8bxKz-IaLOeyCD-DWlw",bingdian-6,"https://archive.ph/WCAOu"
冰点周刊,01-26,武汉部分医院仍然“喊渴”,"https://mp.weixin.qq.com/s/willAfAQ6U2igKSOHxHgrg",bingdian-7,"https://archive.ph/GrZx1"
冰点周刊,01-26,三個年輕人和100萬隻口罩,"https://mp.weixin.qq.com/s/2lopW3OCS2FIK4KSaZBY-w",bingdian-8,"https://archive.ph/myEic"
冰点周刊,01-28,钟南山发话前，武汉这位医生向附近学校发出疫情警报,"https://mp.weixin.qq.com/s/IzzCnz4Yr2jEIYZePiu_ow",bingdian-9,"https://archive.ph/lvZhv"
冰点周刊,02-02,卫健委专家组成员王广发出院了，回答了我们8个问题,"https://mp.weixin.qq.com/s/DWcRVz10zps27VIrml_Khg",bingdian-10,"https://archive.vn/UonXY"
冰点周刊,02-03,他感染了，可仍在网上给患者看病,"https://mp.weixin.qq.com/s/X024ciV2BPayaLabwHoo5w",bingdian-11,"https://archive.vn/HThCt"
冰点周刊,02-05,最后一道防线,"https://mp.weixin.qq.com/s/akX0GrqhjKtsm6s-crVttA",bingdian-12,"http://archive.ph/iJOOF"
冰点周刊,02-05,随州告急，一县医院多项防护物资库存为“0”,"https://mp.weixin.qq.com/s/LMgPjJPwX30ObpzMx12z2Q",bingdian-13,"http://archive.ph/wJrIK"
南方周末,01-24,口罩每天产800万只，厂商疯狂加班生产,"https://mp.weixin.qq.com/s/pLJOk_83sCkqnyL9_nI6zA",nanfang-1,"https://archive.vn/MmWNO"
南方周末,01-24,武汉试剂代理商口述：我所知道的新型肺炎确诊盒供应现状,"https://mp.weixin.qq.com/s/qoukJCLyFhUamB0GetOhLw",nanfang-2,"https://archive.vn/AAWBP"
南方周末,01-25,疫袭黄冈：从确诊到住院，短缺不止武汉,"https://mp.weixin.qq.com/s/JxDg96QcU39uo5BJyU6TqA",nanfang-3,"https://archive.vn/BDBCw"
南方周末,01-25,武汉“难忘今宵”：一个年味杂陈的除夕夜,"https://mp.weixin.qq.com/s/PKi7uaFhAW7-Tkh9Oy13Rw",nanfang-4,"https://archive.vm/OsgPc"
南方周末,01-26,回不了家的武汉人,"https://mp.weixin.qq.com/s/WEZlxPF53garYEWNBkN9HA",nanfang-5,"https://archive.vn/1gV1S"
南方周末,01-26,交通停摆之后，武汉医护人员出行难怎么解决,"https://mp.weixin.qq.com/s/MgDbbq7u6hKGhYsE0zXrmw",nanfang-6,"https://archive.vn/AAWBP"
南方周末,01-26,武汉一线医护人员现在缺什么,"https://mp.weixin.qq.com/s/UxguDEWZmis84eil08B6qQ",nanfang-7,"https://archive.vn/d5Bey"
南方周末,01-26,迟到的农村防疫：1个鄂西村医，44名武汉返乡人，来不及测的体温,"https://mp.weixin.qq.com/s/DplK_A7_Zdlbz--l6ez0_w",nanfang-8,"https://archive.vn/PuVPT"
南方周末,01-26,到边界拿货，货车司机组队……医疗物资如何打通武汉城,"https://mp.weixin.qq.com/s/GSmKFji5YCbXadOSCWGaBg",nanfang-9,"https://archive.vn/EsRAf"
南方周末,01-26,肺炎疫情亟需心理干预：“处理恐慌也是重大任务”,"https://mp.weixin.qq.com/s/aMm-biE3d8svmbKI2TLjRg",nanfang-10,"https://archive.is/Zsv76"
南方周末,01-27,武汉机动车禁令后，这支四千人志愿车队说：“我们还在”,"https://mp.weixin.qq.com/s/MPvdHv_ue0Xsnl--pmWyyA",nanfang-11,"https://archive.vn/svdyg"
南方周末,01-27,医护人员用文件袋自制护目镜——湖北县镇乡村防疫战,"https://mp.weixin.qq.com/s/fvNVeyEQnkuyAGIeP6Gtug",nanfang-12,"https://archive.is/lrHLX"
南方周末,01-28,武汉再造“小汤山”，当年的设计师叮嘱“保证安全是首位”,"https://mp.weixin.qq.com/s/ptfu9KG4taWQP157yuLA7w",nanfang-13,"https://archive.is/0va8N"
南方周末,01-28,当饭圈遭遇疫情：做就是全部，公益无攀比,"https://mp.weixin.qq.com/s/WXvKDeeL5kyqvR9csV8img",nanfang-14,"https://archive.is/BUvJ8"
南方周末,01-29,襄阳：如何成为湖北唯一不“封城”的地级市,"https://mp.weixin.qq.com/s/mjJ0UFgVDZYobb9vDgfVAg",nanfang-15,"https://archive.vn/Io690"
南方周末,01-29,“收留”回不了家的武汉人,"https://mp.weixin.qq.com/s/hn_f5kscSBVHOVKlFrj78g",nanfang-16,"https://archive.vn/GjM8C"
南方周末,01-29,转染色体牛有望对抗新型冠状病毒,"https://mp.weixin.qq.com/s/zGfwiKsXaXf6SQN3vpcaFQ",nanfang-17,"https://archive.vn/I2Tyg"
南方周末,01-30,买票都实名制了，为何还借媒体找密切接触者？,"https://mp.weixin.qq.com/s/wDJOGB5HGvHHavPvs8bInQ",nanfang-18,"https://archive.vn/XSdY6"
南方周末,01-30,那些志愿“以命相托”的武汉司机,"https://mp.weixin.qq.com/s/2MVPC1kk1O7t99bZabyvWQ",nanfang-19,"https://archive.vn/EO369"
南方周末,01-30,防控疫情不力，全国至少33名干部受处分,"https://mp.weixin.qq.com/s/5XiDAr82HVoWOSzi5QjLzw",nanfang-20,"https://archive.vn/vhWNy"
南方周末,01-30,疫情重压下的武汉殡葬服务：封城影响处理时间，患者遗体限定殡仪馆接收,"https://mp.weixin.qq.com/s/yZoJtfEubQZt6snw4qFI6Q",nanfang-21,"https://archive.vn/CDEjs"
南方周末,01-30,湖北基层医院采购医生：封城后，到高速服务区“抢”口罩,"https://mp.weixin.qq.com/s/0Poh4jtzw8iIVL5vAKcnag",nanfang-22,"https://archive.vn/AkdA8"
南方周末,01-31,"武汉启动“分级诊疗”后：社区医院物资短缺,有的护士防护服打上了补丁","https://mp.weixin.qq.com/s/t4P2rm0-AQ6Q-dojMKTT3A",nanfang-23,"https://archive.vn/Pr8pd"
南方周末,02-01,"武汉市红十字会工作人员： “我们的职能就是收，我们没有权力去决定发","https://mp.weixin.qq.com/s/0LyZtMNH87vnDwPNPymYHg",nanfang-24,"https://archive.vn/NKzw5"
南方周末,02-01,武汉一线医生眼中的困难：“最主要是供氧问题”,"https://mp.weixin.qq.com/s/TlmSt1ZK7q8Dhp8vvuK1tA",nanfang-25,"https://archive.vn/pASpQ"
南方周末,02-01,湖北有很多鸡，怕撑不过正月十五了,"https://mp.weixin.qq.com/s/mpXkMWlsMTZw1hs8tiThKA",nanfang-26,"https://archive.vn/aSBRo"
南方周末,02-01,“不是告急，是没有了”——武汉协和医院救援物资之困,"https://mp.weixin.qq.com/s/UIrw86g_l_uEX-z29_N9yQ",nanfang-27,"https://archive.vn/jwC1i"
南方周末,02-01,独家深访：从发现到封城，武汉一线医护复盘疫情为何爆发,"https://mp.weixin.qq.com/s/tKNwe5bY-rCqhl-juJWqrg",nanfang-28,"https://archive.vn/T5wcv"
南方周末,02-01,面对疫情，疾控中心是怎么工作的,"https://mp.weixin.qq.com/s/P-P8N6UCsEXrxYGNEAKFiw",nanfang-29,"https://archive.vn/hriZU"
南方周末,02-02,"“有强烈无力感，在为定点医院床位不够买单” ——武汉社区医院主任自述","https://mp.weixin.qq.com/s/LjZu249MLiz_Fa9dBUFXqA",nanfang-30,"https://archive.vn/v3Y4R"
南方周末,02-02,陌路他乡——返京租客的四天三夜,"https://mp.weixin.qq.com/s/E4wPvcpBl58V6SabUf64Sw",nanfang-31,"https://archive.vn/5EBId"
南方周末,02-02,被疫情捧红的“特效药,"https://mp.weixin.qq.com/s/vEO8Sz14zSE9wKxAkj4NBg",nanfang-32,"https://archive.ph/9b5CP"
南方周末,02-03,双黄连风波中的上海药物所：曾投资过10家公司，非典中也有发现,"http://www.infzm.com/contents/175738",nanfang-33,"https://web.archive.org/web/20200203102143/http://www.infzm.com/contents/175738"
南方周末,02-03,“外援”协助武汉红十字会后：理货效率提高，调配要听指令,"https://mp.weixin.qq.com/s/WG9ZH24W79P8dv3Cff-0pg",nanfang-34,"http://archive.is/eTyl3"
南方周末,02-04,驰援武汉的上海专家：多数重症病人体内突然启动炎症风暴,"https://mp.weixin.qq.com/s/rSR9IG3Kf6DqMFC17DLbAQ",nanfang-35,"http://archive.ph/s3BDM"
南方周末,02-05,“我想保护好我的村”,"https://mp.weixin.qq.com/s/6YSBkxFykIO2HOe34JP3vw",nanfang-36,"http://archive.is/Im9d1"
南方周末,02-05,鄂外重灾区：国内多地重点管控“温州返回人员”,"https://mp.weixin.qq.com/s/vzb7EeQjpgI9NO2S1_lCRw",nanfang-37,"http://archive.is/zpJDS"
南方周末,02-06,广东医疗队援汉日记：带上SARS防治经验，进入武汉疫区,"https://mp.weixin.qq.com/s/58vY15giGS0SKGzL3-HD3w",nanfang-38,"http://archive.is/WnrtZ"
南方周末,02-06,“征用”疫情紧张地区防疫物资，大理太无理,"https://mp.weixin.qq.com/s/SIBVrTfti5Nk42BwLvs7EA",nanfang-39,"http://archive.is/TZoof"
南方周末,02-06,谁是“假阴性”新冠肺炎病人,"https://mp.weixin.qq.com/s/AFwRYmcdKjxuSyRj3l7vrA",nanfang-39,"http://archive.is/7rhcJ"
南都周刊,01-25,疫情风暴眼中的武汉居民生活,"https://mp.weixin.qq.com/s/kwBENUa9-Y8YRU5AfUEp2Q",nandu-1,"https://archive.vn/m7eQB"
南都周刊,01-25,医护人员住宿需求大，逾235家武汉酒店自发免费接待医护工作者,"https://mp.weixin.qq.com/s/1VnblN_kMRVXqq-duvdqpg",nandu-2,"https://archive.vn/0BTtk"
南都周刊,01-27,武汉之外：多地村镇缺少隔离措施、防疫宣传，县级医院物资短缺,"https://mp.weixin.qq.com/s/A2qcD4OIxErShAKunptGGQ",nandu-3,"https://archive.vn/OPThl"
南都周刊,01-28,危机下的民间志愿者：把自己逼成超级对接平台,"https://mp.weixin.qq.com/s/z2lBpuEy10sMIIGxrtyW3g",nandu-4,"https://archive.vn/V0sV2"
南都周刊,01-29,线上问诊：抗击疫情的“第二战场”,"https://mp.weixin.qq.com/s/8NGohUZvOmbc7f2I7Foabg",nandu-5,"https://archive.vn/RXSjq"
南都周刊,01-29,林俊杰、孙燕姿为疫情写歌：没有被禁锢的城，只有不离开的爱,"https://mp.weixin.qq.com/s/7kA5-ZsZqiK_T1lVPTnyWQ",nandu-6,"https://archive.vn/hBcIM"
南都周刊,01-29,封城下的“出行难题”和急需去医院的人们,"https://mp.weixin.qq.com/s/01doIwJFHoOfzZWiWUuPqQ",nandu-7,"https://archive.vn/vswV9"
南都周刊,01-30,"“不透析就是在等死” ，尿毒症患者的封城困境","https://mp.weixin.qq.com/s/ee7A9K-ZmTgg_p8CL2gpnA",nandu-8,"https://archive.vn/78edC"
南都周刊,01-31,疫情之下，闯关到“前线”的海外捐赠物资,"https://mp.weixin.qq.com/s/MfPOSTHpGXZxfLjxCmUn2A",nandu-9,"https://archive.vn/Rk0ft"
南都周刊,02-01,“她不怕我们！”被刷屏的湛江，这样对待湖北籍旅客,"https://mp.weixin.qq.com/s/oqwmmL8xs0JYllpAhTkOWg",nandu-10,"https://archive.vn/7Uwyb"
南都周刊,02-01,"“无法报销邮费”物资被湖北麻城红十字会拒收 市民政局：直接经手人撤职查办","https://mp.weixin.qq.com/s/gr6WT_MuxsGnOuUAcN9vuA",nandu-11,"https://archive.vn/V8wmc"
南都周刊,02-02,湖北危机之下，饭圈女孩的驰援,"https://mp.weixin.qq.com/s/GOFEixDCXSurJgWfYDnwvA",nandu-12,"https://archive.vn/Kmwad"
南都周刊,02-05,武汉留守宠物救助：“我收到了人生中最密集的好意,"https://mp.weixin.qq.com/s/aq5QSbcsTXNqznFvKv20lA",nandu-13,"http://archive.ph/bePr8"
新周刊,01-28,武汉的年夜饭：从来没有这么简单，从来没有这么重要,"https://mp.weixin.qq.com/s/Ln5d19NcQ88wA639ZIfb1w",xinzhoukan-1,"https://archive.is/wip/j3OIi"
新周刊,01-28,72小时全记录，我在K3列车上见证“跨国疫情”,"https://mp.weixin.qq.com/s/pA8czro4r7x3gI1i3f39bg",xinzhoukan-2,"https://archive.is/K2xcH"
新周刊,01-30,面对风暴，不要让自己患上“情绪瘟疫”,"https://mp.weixin.qq.com/s/AWrPqTXP_axA-DOZ3GAdYw",xinzhoukan-3,"https://archive.is/wip/j3OIi"
新周刊,01-30,中国疾控中心原副主任杨功焕：不要指望疫苗，最原始的防治可能最有效,"https://mp.weixin.qq.com/s/KpJVjUvco88fgEPHu6d50A",xinzhoukan-4,"https://archive.is/j3OIi"
新周刊,02-02,那些一直短缺的物资，都是怎样运进武汉的？,"https://mp.weixin.qq.com/s/8fAChrvwGiF9whN86pxGcw",xinzhoukan-5,"https://archive.is/Yiphm"
新周刊,02-03,旅行社老板荣荣：我在临沂过年关,"http://app.neweekly.com.cn/h5/share/articlePage/shp1664152692-c4a006c836481a5e182e1f9e6d458140?m=2&v=1.8.0",xinzhoukan-6,"https://archive.is/Yiphm"
界面新闻,01-25,【特写】昨夜，武汉没有除夕,"https://www.jiemian.com/article/3911556.html",jiemianxinwen-1,""
界面新闻,01-23,对话武汉一线医护人员：所有隔离病房已饱和，身边已有同事感染,"https://m.huxiu.com/article/337099.html",jiemianxinwen-2,""
界面新闻,01-24,医院里新型冠状病毒肺炎检测试剂盒短缺，这是真正的原因,"https://www.jiemian.com/article/3909869.html",jiemianxinwen-3,"https://web.archive.org/web/20200126031425/https://www.jiemian.com/article/3909869.html"
界面新闻,01-25,武汉困境：发热病人集中就诊，医疗资源严重短缺,"http://www.sohu.com/a/368883639_313745",jiemianxinwen-4,"https://archive.is/uF51c"
棱镜,01-24,冠状病毒检测盒生产商“三班倒”：每天产10万人份已是极限,"https://mp.weixin.qq.com/s/Odh-vr1YEISnhFLYzpzSRw",lengjing-1,"http://archive.is/LFMyk"
棱镜,01-25,四个湖北家庭的除夕夜,"https://mp.weixin.qq.com/s/kIyQY9F6oDRMql2SYnZLpg",lengjing-2,"http://archive.is/MIry1"
棱镜,01-26,轻症患者家属自述：冠状病毒肺炎很可恨，但没那么可怕,"https://mp.weixin.qq.com/s/yJ2d0fPVQjZUAeB8ScwN7g",lengjing-3,"http://archive.is/doqY4"
棱镜,01-27,这座河南城市每天可以生产165万个口罩，但急需原材料,"https://mp.weixin.qq.com/s/twE4RIyCBZy1P3rmw-muCQ",lengjing-4,"http://archive.is/PQqA6"
棱镜,01-27,240万口罩、100万医用手套、7万防护服的援鄂之路,"https://mp.weixin.qq.com/s/oHh3qlxOEV6trnvUBGA4_Q",lengjing-5,"http://archive.is/3HKOt"
棱镜,01-28,凌晨四点，他俩拉着100万个口罩进入武汉,"https://mp.weixin.qq.com/s/EDiIUqfmahI4ONjq0sZ0kw",lengjing-6,"http://archive.is/ii0Yb"
棱镜,01-28,日本100万防疫口罩援驰中国：口罩大国制造商正加班加点,"https://mp.weixin.qq.com/s/oimteOmcCb0fKKtEzZv1Zw",lengjing-7,"http://archive.is/walby"
棱镜,01-29,江苏到河南，800公里加急：一吨口罩原料的产业链接力,"https://mp.weixin.qq.com/s/HWD6MrJBBo7BeT-QPylbkg",lengjing-8,"http://archive.is/lqZ0g"
棱镜,01-30,大年初一，他们29小时接力给湖北医院送粮食,"https://mp.weixin.qq.com/s/6MUXtOBj8JXbr-MnZIRlYg",lengjing-9,"http://archive.is/YVECZ"
棱镜,01-31,把5G设备运进火神山！驰援武汉背后的物流链紧急重构,"https://mp.weixin.qq.com/s/jHbw_LFibux3Tp_9nXh6cw",lengjing-10,"http://archive.is/eSiRK"
棱镜,02-01,95后司机携妻为武汉送消毒水：“她担心我，死活不愿下车”,"https://mp.weixin.qq.com/s/2qz2HErGQSFzK8wf0gDNfg",lengjing-11,"http://archive.is/A4VaF"
棱镜,02-02,“每只利润四五厘”，中国口罩产业17年沉浮,"https://mp.weixin.qq.com/s/zvWu8S0oy8stR2XmaOoRAg",lengjing-12,"http://archive.is/dwUMH"
棱镜,02-03,一位湖北村支书的“硬核”防疫样本：封村第九天，无确诊病例,"https://mp.weixin.qq.com/s/uoqXdSU0k64MliChSml4Dw",lengjing-13,"http://archive.is/sqT0L"
棱镜,02-04,审批时限两年变四天，试剂盒“一路狂奔”进武汉,"https://mp.weixin.qq.com/s/H-nB72VGs3eUQ5l5UDxkBg",lengjing-14,"http://archive.is/TQPm9"
棱镜,02-05,中小企业“抗疫”：安全放第一；创业者总得乐观一些,"https://mp.weixin.qq.com/s/mVAi8JzrCPM9xBj3vMiM7Q",lengjing-15,"http://archive.ph/wip/msJkG"
澎湃新闻,01-28,一个“重症肺炎”患者的最后12天,"https://www.thepaper.cn/newsDetail_forward_5654338",pengpaixinwen-1,"https://archive.is/vIK1T"
中国经营报,01-26,重回武汉肺炎起点：卖野味的华南市场老板是谁？,"https://www.weibo.com/ttarticle/p/show?id=2309404465112919441868",zhongguojingyingbao-1,"https://archive.is/5oTdp"
财新网,02-03,封面报道｜37位记者四万字全景调查：新冠病毒何以至此？（1）现场篇：武汉围城,"http://weekly.caixin.com/2020-02-01/101510145.html",caixin-1,"https://web.archive.org/web/20200201160704/http://weekly.caixin.com/2020-02-01/101510145.html"
财新网,02-03,封面报道｜37位记者四万字全景调查：新冠病毒何以至此？（2）疑似病人难题：谁来关心“移动的传染源”,"http://weekly.caixin.com/2020-02-01/101510146.html",caixin-2,"https://web.archive.org/web/20200201160747/http://weekly.caixin.com/2020-02-01/101510146.html"
财新网,02-03,封面报道｜37位记者四万字全景调查：新冠病毒何以至此？（3）解毒篇：溯源新冠病毒,"http://weekly.caixin.com/2020-02-01/101510144.html",caixin-3,"https://web.archive.org/web/20200201160819/http://weekly.caixin.com/2020-02-01/101510144.html"
财新网,02-03,封面报道｜37位记者四万字全景调查：新冠病毒何以至此？（4）国际篇：全球共济,"http://weekly.caixin.com/2020-02-01/101510143.html",caixin-4,"https://web.archive.org/web/20200201160849/http://weekly.caixin.com/2020-02-01/101510143.html"
财新网,01-22,肺炎日记｜1月22日：疫情蔓延谣言飞起，攻坚战燃烽火,"http://www.caixin.com/2020-01-22/101507421.html",caixin-5,"https://web.archive.org/web/20200122214427/http://www.caixin.com/2020-01-22/101507421.html"
财新网,01-23,"肺炎日记 ｜ 1月23日：武汉全面“封城”，全力遏制疫情","http://www.caixin.com/2020-01-23/101507939.html",caixin-6,"https://web.archive.org/web/20200203103504/http://www.caixin.com/2020-01-23/101507939.html"
财新网,01-24,"肺炎日记 ｜ 除夕夜：医护人员一线奋战，外地队伍千里驰援","http://www.caixin.com/2020-01-24/101508185.html",caixin-7,"https://web.archive.org/web/20200203104203/http://www.caixin.com/2020-01-24/101508185.html"
财新网,01-25,肺炎日记｜1月25日：抗疫全国总动员，物资困境如何解决？,"http://www.caixin.com/2020-01-25/101508394.html",caixin-8,"https://web.archive.org/web/20200203104205/http://www.caixin.com/2020-01-25/101508394.html"
财新网,01-26,肺炎日记丨1月26日：研究揭开肺炎扩散冰山一角,"http://www.caixin.com/2020-01-26/101508615.html",caixin-9,"https://web.archive.org/web/20200203104225/http://www.caixin.com/2020-01-26/101508615.html"
财新网,01-27,"肺炎日记 ｜ 1月27日：争夺抗疫窗口期，求解封堵战次生问题","http://www.caixin.com/2020-01-27/101508881.html",caixin-10,"https://web.archive.org/web/20200203104247/http://www.caixin.com/2020-01-27/101508881.html"
财新网,01-28,"肺炎日记 ｜ 1月28日：疫情十天或达高峰 武汉周边难题待解","http://www.caixin.com/2020-01-28/101509184.html",caixin-11,"https://web.archive.org/web/20200203104306/http://www.caixin.com/2020-01-28/101509184.html"
财新网,01-29,"肺炎日记 ｜ 1月29日：北京警示疫情扩散 社区是防疫第二战场","http://www.caixin.com/2020-01-29/101509414.html",caixin-12,"https://web.archive.org/web/20200203104308/http://www.caixin.com/2020-01-29/101509414.html"
财新网,01-30,"肺炎日记｜1月30日：“人传人”证据惹风波 重症患者救治难","http://www.caixin.com/2020-01-31/101509652.html",caixin-13,"https://web.archive.org/web/20200203104330/http://www.caixin.com/2020-01-31/101509652.html"
财新网,01-31,肺炎日记｜1月31日：疾控、红会陷争议，防疫环节何处失守？,"http://www.caixin.com/2020-02-01/101510052.html",caixin-14,"https://web.archive.org/web/20200203104331/http://www.caixin.com/2020-02-01/101510052.html"
财新网,02-01,"肺炎日记｜2月1日：全国病例破万 社会力量参与抗疫呼声不止","http://www.caixin.com/2020-02-02/101510545.html",caixin-15,"https://web.archive.org/web/20200203142833/http://www.caixin.com/2020-02-02/101510545.html"
财新网,02-02,肺炎日记｜2月2日：力不从心红会“让路”，双黄连惹质疑,"http://www.caixin.com/2020-02-03/101510766.html",caixin-16,"https://web.archive.org/web/20200203104351/http://www.caixin.com/2020-02-03/101510766.html"
财新网,02-03,"肺炎日记｜2月3日：武汉大量疑似患者获收治 医疗措施是关键","http://www.caixin.com/2020-02-04/101511212.html",caixin-016a,"https://web.archive.org/web/20200204085039/http://www.caixin.com/2020-02-04/101511212.html"
财新网,02-04,肺炎日记｜2月4日:确诊破两万，停工停业何时休,"http://www.caixin.com/2020-02-05/101511603.html",caixin-16b,"https://web.archive.org/web/20200205074602/http://www.caixin.com/2020-02-05/101511603.html"
财新网,01-22,"记者手记｜野味成武汉肺炎元凶 你见过香港菜市场这么卖活物吗？","http://www.caixin.com/2020-01-22/101507417.html",caixin-17,"https://web.archive.org/web/20200202210656/http://www.caixin.com/2020-01-22/101507417.html"
财新网,01-23,解读｜武汉肺炎是如何确诊和发布的,"http://www.caixin.com/2020-01-23/101507556.html",caixin-18,"https://web.archive.org/web/20200202210707/http://www.caixin.com/2020-01-23/101507556.html"
财新网,01-23,"武汉百步亭“万家宴”过后 当地药店口罩脱销","http://www.caixin.com/2020-01-23/101507508.html",caixin-19,"https://web.archive.org/web/20200202210722/http://www.caixin.com/2020-01-23/101507508.html"
财新网,01-24,发热患者定点医院里的故事,"http://www.caixin.com/2020-01-24/101508140.html",caixin-20,"https://web.archive.org/web/20200202210728/http://www.caixin.com/2020-01-24/101508140.html"
财新网,01-24,汉口医院直击：何时不再一床难求,"http://www.caixin.com/2020-01-24/101508168.html",caixin-21,"https://web.archive.org/web/20200202210740/http://www.caixin.com/2020-01-24/101508168.html"
财新网,01-26,湖北抗击肺炎疫情这一周：防控措施如何升级,"http://www.caixin.com/2020-01-26/101508442.html",caixin-22,"https://web.archive.org/web/20200202210743/http://www.caixin.com/2020-01-26/101508442.html"
财新网,01-27,"抗击“武汉肺炎” 多险企为医护人员提供保险保障","http://www.caixin.com/2020-01-27/101508806.html",caixin-23,"https://web.archive.org/web/20200202210749/http://www.caixin.com/2020-01-27/101508806.html"
财新网,01-28,"超万名医生线上问诊 补充湖北医疗资源","http://www.caixin.com/2020-01-28/101508924.html",caixin-24,"https://web.archive.org/web/20200202210802/http://www.caixin.com/2020-01-28/101508924.html"
财新网,01-29,特写｜疫情重压下的武汉社区：老人高烧死在家里之后,"http://www.caixin.com/2020-01-29/101509272.html",caixin-25,"https://web.archive.org/web/20200202210808/http://www.caixin.com/2020-01-29/101509272.html"
财新网,01-30,"新春新知｜解药：新药和疫苗远水难救近火 专家吁政府长期投入","http://www.caixin.com/2020-01-30/101509498.html",caixin-26,"https://web.archive.org/web/20200202210810/http://www.caixin.com/2020-01-30/101509498.html"
财新网,01-31,独家｜中国疾控中心高福、冯子健回应论文风波,"http://www.caixin.com/2020-01-31/101509841.html",caixin-27,"https://web.archive.org/web/20200202210822/http://www.caixin.com/2020-01-31/101509841.html"
财新网,02-01,"交通管制重创湖北家禽养殖业  鸡蛋积压鸡苗难消化","http://www.caixin.com/2020-02-01/101510167.html",caixin-28,"https://web.archive.org/web/20200202210829/http://www.caixin.com/2020-02-01/101510167.html"
财新网,02-01,武汉红会仓库直击：堆满物资，多家医院等数小时领到少许,"http://www.caixin.com/2020-02-01/101510494.html",caixin-29,"https://web.archive.org/web/20200203160703/http://www.caixin.com/2020-02-01/101510494.html"
财新网,02-01,民航包机接送海外滞留湖北籍旅客回国,"http://www.caixin.com/2020-02-01/101510403.html",caixin-30,"https://web.archive.org/web/20200203160726/http://www.caixin.com/2020-02-01/101510403.html"
财新网,02-01,"境内统筹不力境外遇阻 防疫物资为何这么难？","http://www.caixin.com/2020-02-01/101510420.html",caixin-31,"https://web.archive.org/web/20200203160747/http://www.caixin.com/2020-02-01/101510420.html"
财新网,02-02,"抗新冠病毒“有效药”层出不穷 治疗效果如何证实？","http://www.caixin.com/2020-02-02/101510543.html",caixin-32,"https://web.archive.org/web/20200203160811/http://www.caixin.com/2020-02-02/101510543.html"
财新网,02-02,"菲律宾出现境外首个新冠肺炎死亡病例 逝者为44岁武汉观光客","http://www.caixin.com/2020-02-02/101510661.html",caixin-33,"https://web.archive.org/web/2020020316"
财新网,02-03,"应对节后返工潮 各地建设本地“小汤山”","http://www.caixin.com/2020-02-03/101511195.html",caixin-34,"https://web.archive.org/web/20200204084038/http://www.caixin.com/2020-02-03/101511195.html"
财新网,02-04,武汉疫情调查追踪：医护感染应受关注,"http://www.caixin.com/2020-02-04/101511377.html",caixin-35,"https://web.archive.org/web/20200204084331/http://www.caixin.com/2020-02-04/101511377.html"
财新网,02-04,"珠海暂停餐饮企业运营 禁止顾客现场就餐","http://www.caixin.com/2020-02-04/101511321.html",caixin-36,"https://web.archive.org/web/20200205074118/http://www.caixin.com/2020-02-04/101511321.html"
财新网,02-05,"武汉百步亭社区多个门栋现发热患者 中老年人为主","http://www.caixin.com/2020-02-05/101511617.html",caixin-37,"https://web.archive.org/web/20200205031020/http://www.caixin.com/2020-02-05/101511617.html"
财新网,02-05,"【独家】石正丽回应质疑 专家一致认为新冠病毒非人造","http://www.caixin.com/2020-02-05/101511847.html",caixin-38,"http://archive.is/X8gXV"
财新网,02-05,解药-武汉病毒所陷争议：为何此时宣布申请瑞德西韦新用途专利？,"http://www.caixin.com/2020-02-05/101511847.html",caixin-39,"http://archive.is/nLBnh"
财新网,02-06,记者手记-疫情中的货车司机：每天只吃一顿饭,"http://www.caixin.com/2020-02-06/101512091.html",caixin-40,"http://archive.is/W5BXe"
财经杂志,01-22,“我丈夫感染了新型冠状病毒，治愈了”,"https://mp.weixin.qq.com/s/zy0Pj-9CGT5rDC3j5ULnJg",caijing-1,"https://archive.vn/KBIin"
财经杂志,01-23,口罩告急！武汉医生每日发愁防护物资短缺,"https://mp.weixin.qq.com/s/OG_c3iE4WB3AMpFgKcu4pQ",caijing-2,"https://archive.vn/Xqnu3"
财经杂志,01-24,武汉“封城”首日实录：医院少床位、防护缺资源、病患难隔离,"https://mp.weixin.qq.com/s/4G0TJbxHw1JZZRbrGYUEeg",caijing-3,"https://archive.vn/Jxuht"
财经杂志,01-24,武汉医疗系统应急：七家定点医院仓促改造，临时医院将开建,"https://mp.weixin.qq.com/s/T07-8osVsnHpw5caup2Drw",caijing-4,"https://archive.vn/ae2HJ"
财经杂志,01-24,武汉“封城”战疫情：民航铁路高速等出城通道相继关闭,"https://mp.weixin.qq.com/s/Bdw7pKnvW8bQPA5ALzzhCQ",caijing-5,"https://archive.vn/relXb"
财经杂志,01-26,"不止有武汉：湖北疫区16城实录 （上篇）","https://mp.weixin.qq.com/s/1e6gQVfmG50wvcwS7YhTfw",caijing-6,"https://archive.vn/8fRaA"
财经杂志,01-27,不止有武汉：湖北疫区17城实录（下篇）,"https://mp.weixin.qq.com/s/goz_wgrE239Z_kqcZWe4vg",caijing-7,"https://archive.vn/D209R"
财经杂志,01-29,武汉疫情升级，医疗物资募集七日实录,"https://mp.weixin.qq.com/s/aFRfnoBEucQ4GIirzO3OmQ",caijing-8,"https://archive.vn/sg0XS"
财经杂志,01-29,全国多地“封村”，防疫效果如何？,"https://mp.weixin.qq.com/s/yxSxbgWq6BN0vQDMz0edFw",caijing-9,"https://archive.vn/QRGmx"
财经杂志,01-30,香港特区抗疫实录：削减往来内地交通，争抢口罩蔬菜,"https://mp.weixin.qq.com/s/zAdw2FbjkWzKoMbLKWAJpQ",caijing-10,"https://archive.vn/fFryo"
财经杂志,01-30,谁有权公布疫情信息？,"https://mp.weixin.qq.com/s/mgr1HMuPzQv2G9n5qD80jw",caijing-11,"https://archive.vn/NUJAl"
财经杂志,01-31,餐饮业疫情寒冬：餐厅营收普降八成，外卖小哥一天只接七单,"https://mp.weixin.qq.com/s/DVE6WpaKRDE2oMfjrGEPPw",caijing-12,"https://archive.vn/E5Gay"
财经杂志,01-31,武汉医生口述：1/4同事被感染，口罩不合格也按时进病房,"https://mp.weixin.qq.com/s/UQ4iCe40ptrWci1JS4iR_Q",caijing-13,"https://archive.vn/fTheX"
财经杂志,02-01,小区封门堵截返城者，这样的防疫措施真的好吗,"https://mp.weixin.qq.com/s/orP7RFJfZlOlHQcxN994iQ",caijing-14,"https://archive.vn/WPgUc"
财经杂志,02-01,疫情严重、人员滞留，基层防疫面临重压,"https://mp.weixin.qq.com/s/Y4aLKt6waKZeCGAbE0QySA",caijing-15,"https://archive.vn/QHMDF"
财经杂志,02-01,统计数字之外的人：他们死于“普通肺炎”？,"https://mp.weixin.qq.com/s/OQGVZlrJWID9Gn4A_T5u_g","caijing-16A) [link](articles/caijing/caijing-16B.png","https://archive.vn/ZCYfz"
财经杂志,02-01,直击武汉：红会掌控物资待发，协和另获捐赠应急,"https://mp.weixin.qq.com/s/drRaJ0n09x0iGg7VdzoV0w",caijing-17,"https://archive.vn/bRYws"
财经杂志,02-01,疫情严重、人员滞留，基层防疫面临重压,"https://mp.weixin.qq.com/s/Y4aLKt6waKZeCGAbE0QySA",caijing-18,"https://archive.vn/QHMDF"
财经杂志,02-02,封闭社区并隔离返京人员，能遏制病毒蔓延吗？,"https://mp.weixin.qq.com/s/HZhDl1rosP1Eo9LI2UuRFw",caijing-19,"https://archive.vn/RJ56v"
财经杂志,02-02,疫情冲击波：手机渠道商损失连锁反应,"https://mp.weixin.qq.com/s/VhVEUV1KZ33Gp3f83BJ-zA",caijing-20,"https://archive.vn/4yLjb"
财经杂志,02-02,17年前香港淘大花园抗疫事件，对今天的启示是什么？,"https://mp.weixin.qq.com/s/Nh0Hp8HrYRftfB6SZVW6Fg",caijing-21,"https://archive.vn/YUAVA"
财经杂志,02-02,中小企业现金流告急，停工裁员待扶持,"https://mp.weixin.qq.com/s/FAm349BZgiZ6XDS5K6Rd3g",caijing-22,"https://archive.vn/ip5wy"
财经杂志,02-02,双黄连口服液能治新冠肺炎？一场闹剧,"https://mp.weixin.qq.com/s/rGMgkgyFifOqKvCd7pkqFA",caijing-23,"https://archive.vn/6D5kz"
财经杂志,02-03,经历两次疫情考验，这位小企业主宁追债求生也不裁员,"https://mp.weixin.qq.com/s/TK-QvWOiiYkCKNdOUtUYsg",caijing-24,"http://archive.ph/nc4Yv"
财经杂志,02-04,黄冈确诊病例过千，市长称防控不力，曾一天问责135人,"https://mp.weixin.qq.com/s/n4kJ5PKBUhTGoYko-6jPaw",caijing-25,"http://archive.ph/jtDNI"
财经杂志,02-04,穿越疫区：武汉“爱心司机”一天12小时,"https://mp.weixin.qq.com/s/GJDxSQzn7sQ_8qEpJn3TCA",caijing-27,"http://archive.today/qPRip"
财经杂志,02-04,直击火神山医院：首批病人已经入院，现场忙碌装配收尾,"https://mp.weixin.qq.com/s/J1u9ZaoLL9vETrumSKPWRQ",caijing-28,"http://archive.today/PYrTA"
财经杂志,02-04,协力抗疫：京沪等地纾困中小企业，效力发挥待政策落实,"https://mp.weixin.qq.com/s/3uQFO6ppT_bgEELzcjXYmg",caijing-29,"http://archive.today/I61GI"
财经杂志,02-04,香港抗疫实录：减少人流再关口岸，准备新的检疫设施,"https://mp.weixin.qq.com/s/eCDjkjKlU7sC3ne49NJRiw",caijing-30,"http://archive.today/gMU7g"
财经杂志,02-04,武汉“四类人员”集中收治第一日：“我们没有被抛弃！”,"https://mp.weixin.qq.com/s/E23_MJfTe0ADlE0MAVvCXg",caijing-31,"http://archive.today/hNOER"
财经杂志,02-05,武汉接到两个硬任务：检测全部疑似病例，收治所有确诊病人,"https://mp.weixin.qq.com/s/ZyC4oXolVK0StdHZ1uKO5g",caijing-32,"http://archive.today/LhnM0"
财经杂志,02-05,"武汉""四类人员""集中收治第一日：""我们没有被抛弃！""（重发，有删改）","https://mp.weixin.qq.com/s/5LaJYgN4Ic6GZOQTAkixEA",caijing-33,"http://archive.today/BerBR"
财经杂志,02-05,"行业观察 关明生回忆：17年前，阿里如何应对""非典""","https://mp.weixin.qq.com/s/D6fcqW_QP_miSk67kx9o3Q",caijing-34,"http://archive.today/IYhyH"
财经杂志,02-05,中国留学生面临选择：承受经济损失，还是改变留学计划？,"https://mp.weixin.qq.com/s/8m-GiV1HLhXHRmHK1l2FwA",caijing-35,"http://archive.today/Nhpo6"
财经杂志,02-05,世卫组织称新冠肺炎还不是全球流行病，其他国家如何应对？,"https://mp.weixin.qq.com/s/-Kq9NVgbJy6rSDk5N7OXLg",caijing-36,"http://archive.today/P6FmP"
财经杂志,02-06,"梁红：""新冠""疫情对中国经济总体影响未必会超""非典""","https://mp.weixin.qq.com/s/jfg3FFj9utgAM-3DauNVzA",caijing-37,"http://archive.today/YrnjX"
财经杂志,02-06,数说疫情0206：拐点渐近,"https://mp.weixin.qq.com/s/qUcRv06NAQAs3NAA-Py9Vg",caijing-38,"http://archive.today/sENaY"
财经杂志,02-06,供需两端入手，破解口罩困局,"https://mp.weixin.qq.com/s/J0GgLtfELgWpcW4rfz63nQ",caijing-39,"http://archive.today/jq5ls"
经济观察报,01-31,武汉同济医院一线医生口述：每天面对死亡，紧张但不恐惧——专访武汉同济医院心内科医生赵金召,"http://www.eeo.com.cn/2020/0131/375299.shtml",jingji-1,"https://web.archive.org/web/20200201125743/http://www.eeo.com.cn/2020/0131/375299.shtml"
经济观察报,01-31,"肺炎疫情下的武汉高考生：节前紧急停课 节后教师排班在线授课 鼓励自主学习","http://www.eeo.com.cn/2020/0131/375283.shtml",jingji-2,"https://web.archive.org/web/20200201154707/http://www.eeo.com.cn/2020/0131/375283.shtml"
经济观察报,01-31,20万只口罩泰国扫货记,"http://www.eeo.com.cn/2020/0131/375303.shtml",jingji-3,"https://web.archive.org/web/20200201132919/http://www.eeo.com.cn/2020/0131/375303.shtml"
经济观察报,01-31,"疫情中受创行业里的他们：复工无期 月亏房租十几万 期待扶持政策中守望春天","http://www.eeo.com.cn/2020/0131/375272.shtml",jingji-4,"https://web.archive.org/web/20200131123928/http://www.eeo.com.cn/2020/0131/375272.shtml"
经济观察报,02-01,"义乌“另类”劝返：疫情期不返回就发钱 有社区房东主动减免房租","http://www.eeo.com.cn/2020/0201/375364.shtml",jingji-5,"https://web.archive.org/web/20200202135158/http://www.eeo.com.cn/2020/0201/375364.shtml"
经济观察报,02-01,"为给高烧8天的父亲找一个床位 她拨通了自我举报电话","http://www.eeo.com.cn/2020/0201/375381.shtml",jingji-6,"https://web.archive.org/web/20200203065734/http://www.eeo.com.cn/2020/0201/375381.shtml"
经济观察报,02-01,专访武汉“造谣”者之一谢琳卡医生：我的事情其实很简单，希望更多支援医护人员抗疫物,"http://www.eeo.com.cn/2020/0201/375357.shtml",jingji-7,"https://web.archive.org/web/20200203065733/http://www.eeo.com.cn/2020/0201/375357.shtml"
经济观察报,02-01,捐赠物资“直达”武汉目标医院的另类样本：百万粉丝博主倒逼物流改变收件目的地,"http://www.eeo.com.cn/2020/0201/375383.shtml",jingji-8,"https://web.archive.org/web/20200202133644/http://www.eeo.com.cn/2020/0201/375383.shtml"
经济观察报,02-02,"武汉确诊病人被要求自我隔离 求助社区被拒后步行两小时就醫","http://www.eeo.com.cn/2020/0202/375421.shtml",jingji-9,"https://web.archive.org/web/20200203163837/http://www.eeo.com.cn/2020/0202/375421.shtml"
经济观察报,02-02,"东北人在武汉：没了温泉、聚餐 一菜一饭也能好好过年","http://www.eeo.com.cn/2020/0202/375419.shtml",jingji-10,"ttps://web.archive.org/web/20200203163823/http://www.eeo.com.cn/2020/0202/375419.shtml"
经济观察报,02-02,"长租公寓“威胁”填表遭质疑 部分长租公寓停止冻结门锁政策","http://www.eeo.com.cn/2020/0202/375407.shtml",jingji-11,"https://web.archive.org/web/20200203150207/http://www.eeo.com.cn/2020/0202/375407.shtml"
经济观察报,02-04,火神山医院会不会对武汉水源地形成污染？,"http://www.eeo.com.cn/2020/0204/375570.shtml",jingji-12,"http://archive.is/rItc8"
经济观察报,02-05,"接待医疗队、隔离疑似病例 这些酒店扛得很艰难","http://www.eeo.com.cn/2020/0205/375613.shtml",jingji-13,"https://web.archive.org/web/20200205081335/http://www.eeo.com.cn/2020/0205/375613.shtml"
经济观察报,02-05,"“万家宴”社区百步亭确诊多例新冠肺炎 一小区55栋楼中33栋有发热病人","http://www.eeo.com.cn/2020/0205/375577.shtml",jingji-14,"http://archive.ph/qmflg"
经济观察报,02-05,"【独家】红会等非定向捐赠医疗物资分配方案明确 3日前的一件不留","http://www.eeo.com.cn/2020/0204/375571.shtml",jingji-15,"http://archive.ph/aQNYu"
第一财经YiMagazine,01-23,“封城”前的武汉72小时,"https://mp.weixin.qq.com/s/y0hV8ICGcI9FxZGAzK2Sbw",diyicaijing-1,"https://archive.is/btkuA"
第一财经YiMagazine,01-24,面对疫情升级，我们追问10个关键问题,"https://mp.weixin.qq.com/s/a4ZV2rUOiWpCb69icJdLtA",diyicaijing-2,"https://archive.is/MSE5V"
第一财经YiMagazine,01-27,封城之前，500多万离开武汉的人都去了哪里？,"https://mp.weixin.qq.com/s/r_y_pUAH1hBtRNkHBUYBKA",diyicaijing-3,"https://archive.is/ohZHg"
第一财经YiMagazine,01-28,1月6日之后，12天病例零新增之谜,"https://mp.weixin.qq.com/s/DDP846cgEhkiFhTgNVIXxw",diyicaijing-4,"https://archive.is/ABcym"
第一财经YiMagazine,01-29,武汉医生亲述：前线究竟需要什么,"https://mp.weixin.qq.com/s/BW99ROc_5S1d41OA8wimnw",diyicaijing-5,"https://archive.is/cvZvh"
第一财经YiMagazine,02-01,疾控中心无辜吗？,"https://mp.weixin.qq.com/s/MIzNa1Brqse1DY5HyV4r2Q",diyicaijing-6,"https://archive.is/0JZji"
第一财经YiMagazine,02-02,“失踪”的口罩和红十字会“黑洞”,"https://mp.weixin.qq.com/s/k-tWQpbld2z4upwp9BX-Yw",diyicaijing-7,"https://archive.is/jMtPm"
第一财经YiMagazine,02-04,武汉可以从非典的经验中学到什么？,"https://mp.weixin.qq.com/s/mtOqvgXq_pJPSBAILvAc4w",diyicaijing-8,"https://archive.is/DbYVk"
第一财经YiMagazine,02-05,疫情之下，在线教育能否“逆行而上”？,"https://mp.weixin.qq.com/s/B_K0CB1BTaU2bJ0UxBG9qQ",diyicaijing-9,"http://archive.ph/NXByv"
清流工作室,01-26,湖北中部农村防疫日记：买不到口罩，外地归乡人不知道疫情,"https://mp.weixin.qq.com/s/G8yzRAiZ8INwnR67sh25EA",qingliu-1,"https://archive.is/MtzeT"
清流工作室,01-27,"华南海鲜市场余氏家族财富增长史：神秘商人如影相随 与武汉国资有交集","https://mp.weixin.qq.com/s/u4uZjK0nGkDzUo8PsbjV-A",qingliu-2,"https://archive.is/fy1FV"
清流工作室,01-30,"湖北脑瘫儿之死：多方曾介入救助 父亲被隔离时想带其入院","https://mp.weixin.qq.com/s/3ifRFe4Teo7sS5XgJpz7Tw",qingliu-3,"https://archive.is/tqlTi"
清流工作室,01-31,黄晓明、林志玲捐的扶贫基金会赠170万口罩？供货商称：不做口罩，从未卖口罩给基金会,"https://mp.weixin.qq.com/s/UwnYc3HqxA0xX9bH6vqelQ",qingliu-4,"https://archive.is/6U0v1"
清流工作室,02-01,"莆田系医院获赠1.8万口罩背后: 与湖北红会7年间合作7次","https://mp.weixin.qq.com/s/OYx0z3_JT-kEhWOgDTIzAA",qingliu-5,"https://archive.is/wip/hbnme"
清流工作室,02-02,"疯狂的假口罩：药店也售假 募捐给武汉医院的物资现三无产品","https://mp.weixin.qq.com/s/kjSIBv_xca7LKNbLkMVnnw",qingliu-6,"https://archive.is/5pnaf"
清流工作室,02-03,"湖北仙桃口罩厂春节提前复工 4天后被叫停生产","https://mp.weixin.qq.com/s/1QX7aDTbfIkAuGtz3abXog",qingliu-7,"https://archive.is/hbnme"
潇湘晨报,01-27,武汉ICU主任万字口述：我们收治了一个“毒王”,"https://search.weixin.qq.com/k/RFNWW1VCblVdR11TRlJabEBYRE5eakdWVF4ILytQb1RZXFRFUlNZUENuW11D?pass_ticket=i9EmKalhIaqaaPkOM1sWZrTjB8UFXa%2F6nyfmsWSYniOYdcl3u5l%2FkPmV%2FTaC95ty",xiaoxiang-1,"https://archive.ph/6My8c"
人物,01-24,试剂盒供不应求，武汉新型冠状病毒肺炎确诊之难,"https://mp.weixin.qq.com/s/Jazc0sbrp8ozVScWm3ksfQ",renwu-1,"https://archive.is/D4Ct9"
人物,01-25,除夕夜，他们在武汉,"https://mp.weixin.qq.com/s/ibJV7JcZ3S_O5zIGbIxxWw",renwu-2,"https://archive.ph/ZnUOw"
人物,01-25,黄冈，一个武汉周边城市的疫情防控样本,"https://mp.weixin.qq.com/s/RPeN7j0MNUyq8PwXL5-f6A",renwu-3,"https://archive.ph/epmWt"
人物,01-26,疾病袭城，武汉的医生们正在经历些什么？,"https://mp.weixin.qq.com/s/HOsZ7hY5fNp-ts5FkNN35A",renwu-4,"https://archive.ph/5zk2K"
人物,01-28,他拉着10万只口罩，开往已经封城的武汉,"https://mp.weixin.qq.com/s/Jj9_tZbP71lUqdNWubHUbg",renwu-5,"https://archive.ph/94tCY"
人物,01-28,口罩为什么会短缺？,"https://mp.weixin.qq.com/s/VxH2jtybFOBDNfAGMOTOuw",renwu-6,"https://archive.ph/LlkqG"
人物,01-29,「经过这次，我最担心的是武汉人的心理创伤」,"https://mp.weixin.qq.com/s/oBeiNF-SHbad2hWxbeDIKw",renwu-7,"https://archive.ph/UD3Xf"
人物,01-30,曾在华南海鲜市场打工，荆州第一例治愈者口述：我是幸运的,"https://mp.weixin.qq.com/s/rlq3hIMQ24Ch7oJnSuI4BQ",renwu-8,"https://archive.ph/I3ZFt"
人物,01-30,送走奶奶和爸爸，武汉女孩的漫长一月,"https://mp.weixin.qq.com/s/EdU3VMccPlyfSeRJbP7hfQ",renwu-9,"https://archive.ph/cLeJe"
人物,01-31,武汉被打医生：我从来没有让自己崩溃,"https://mp.weixin.qq.com/s/tgAhZex2ttWME2Hwsie_-Q",renwu-10,"https://archive.ph/LTfDc"
人物,02-01,民间组织疯狂捐赠，为什么武汉的医院还缺物资？,"https://mp.weixin.qq.com/s/kwTrelshPSC6sedzK5yuhA",renwu-11,"https://archive.ph/POPa5"
人物,02-01,断药危机：封城封村之后的艾滋感染者,"https://mp.weixin.qq.com/s/usMxDjsw_AbiIklg4piLIQ",renwu-12,"https://archive.ph/ScKDy"
人物,02-01,外卖订单里的武汉：穿越隔离的爱情、亲情和勇气,"https://mp.weixin.qq.com/s/usyes_zthtlMG1SxVVHAhQ",renwu-13,"https://archive.ph/LAwyQ"
人物,02-02,我在金银潭重症监护室,"https://mp.weixin.qq.com/s/yvdG6Svo6m71118C3ASpvQ",renwu-14,"https://archive.vn/H6xQB"
人物,02-03,那些储备的医用物资都去了哪儿,"https://mp.weixin.qq.com/s/Vqi5j05wgNy83Nwnn61Ywg",renwu-15,"https://archive.vn/K592l"
人物,02-03,穿梭在疫区的摆渡人：武汉的每个人都在努力,"https://mp.weixin.qq.com/s/53pDJgSyEkm4DJtQ75zm0w",renwu-16,"https://archive.ph/TfQpz"
在人间living,01-26,武汉的除夕夜，我一个人在家自行观察,"https://mp.weixin.qq.com/s/U4IrYQcPc6G-ce9X5eRE_g",living-1,"https://archive.ph/EmrjV"
在人间living,01-27,父亲双肺感染严重，然而一床难求,"https://mp.weixin.qq.com/s/_jOl6mDa-BzCknUwGLaj3Q",living-2,"https://archive.ph/DxXxE"
在人间living,01-28,一个武汉隔离病房护士的自述,"https://mp.weixin.qq.com/s/WZ3sotusU6FX-eXcN5MrnA",living-3,"https://archive.ph/OL2w7"
在人间living,01-28,妈妈在武汉隔离病房去世,"https://mp.weixin.qq.com/s?__biz=MzI4ODc3ODYzMg==&mid=2247495376&idx=1&sn=a83235d62e106d7228c00754ea77cd0e&chksm=ec3b9e37db4c172121f374a3ac21a63662624f3f451cb038391998a17662b98e10325d1de5fd&scene=126&sessionid=1580451821&key=008658d21f0cfb81b79569bd02c57d24479b8ff19258f4bcf51e7e2356c08095bab72b85e47eb8a33bf786aeb0184084af6f0a0d344823ec0bdff1c7fe4349154f4277c9f979d9d018a448e1bb85ea26&ascene=1&uin=MTE4NzU2NTYyOQ%3D%3D&devicetype=Windows+10&version=6208006f&lang=zh_CN&exportkey=A2UGnpY0Gzt73nwiEmSV8K0%3D&pass_ticket=smwZG1Ev%2F5TU057DZsbfym7%2ByPMgMyVvu0nTN9pybWzO289iTYSYYMeFRyJVlD1N",living-4,"https://archive.ph/mXk7J"
在人间living,01-29,"寻药的武汉护士: 虽然怕，但我们愿意守护这座城","https://mp.weixin.qq.com/s/Xl-uXGHEYUC-FBkLoaIJuw",living-5,"https://archive.ph/WEmhA"
在人间living,01-31,武汉：一条与肺炎赛跑的餐饮供应链,"https://mp.weixin.qq.com/s/__CNpvaXb7EoVPT0vSOjdg",living-6,"https://archive.ph/YJGiY"
在人间living,01-31,一辆载着15万副医用手套的车向武汉开去,"https://mp.weixin.qq.com/s/qCY1T3MV0_hTvlGxQBlQaQ",living-7,"https://archive.vn/HVzKl"
在人间living,02-02,疫情中一夜长大的少年,"https://mp.weixin.qq.com/s/9Li-0f3IjRsWVr6rwcT37A",living-8,"https://archive.ph/V5GvI"
在人间living,02-03,我在电话这头，试图帮武汉人平复“被现实打蒙的感觉”,"https://mp.weixin.qq.com/s/Wt0wXiHClJvkO6-ksxZ1hQ",living-9,"https://archive.ph/ihIGd"
GQ报道,01-27,10000个临时发往武汉的口罩,"https://mp.weixin.qq.com/s/p-uPky_zB6XKcAetthqkKg",gq-1,"https://archive.ph/9s1ug"
GQ报道,01-28,我家离华南海鲜市场很近：返乡、封城、过年，一位武汉大学生的过去一周,"https://mp.weixin.qq.com/s/n7dXGHh-79d6VEzDhhOUbQ",gq-2,"https://archive.ph/RSmFx"
GQ报道,01-29,孝感前线医生：武汉更难，我们下面不好意思提要求,"https://mp.weixin.qq.com/s/uGaFeqrqmLBQe5qdRSTeSQ",gq-3,"https://archive.ph/MnZrn"
GQ报道,01-29,疫情危机中不被看见的人们：武汉周边城市百姓的自救行动,"https://mp.weixin.qq.com/s/D8Ob8pNmecHKXg7yR7EWFg",gq-4,"https://archive.ph/vDSj5"
GQ报道,01-30,恐慌很正常，当疫情结束，才是心理问题高发期,"https://mp.weixin.qq.com/s/3Ox4w365hKqDU-_MAZJmbg",gq-5,"https://archive.ph/WVjSQ"
GQ报道,01-31,疫情中的心理援助：寻找局部的安全,"https://mp.weixin.qq.com/s/s3uvlWVUJ5ySuTvDlu_TxA",gq-6,"https://archive.ph/6BZ3r"
GQ报道,01-31,外卖骑手、出租车司机、快递员、志愿者……封城九日，他们维护着武汉的血脉,"https://mp.weixin.qq.com/s/fYDPoKsPZ78oxqXBDFHIcw",gq-7,"https://archive.ph/Xp3G1"
GQ报道,02-01,武汉封城后的宠物营救计划：人类犯错的后果，不该由它们承担,"https://mp.weixin.qq.com/s/Z8b1ULpnAQwIOzyZmA7xHA",gq-8,"https://archive.ph/ffrKU"
GQ报道,02-01,鸡在瘟疫蔓延时,"https://mp.weixin.qq.com/s/yJ2ygq2NrMAhTFWYZsC3QA",gq-9,"https://archive.ph/ykEub"
GQ报道,02-02,一群00后留学生的捐赠行动：“我们和真实的社会接上了”,"https://mp.weixin.qq.com/s/JtBYRWZADzEF5fT9k7PgsQ",gq-10,"https://archive.vn/uNEOx"
GQ报道,02-03,疫情中的武汉孕妇：我想活命，我的孩子也是,"https://mp.weixin.qq.com/s/-RADC529RPq099XE6-kwyw",gq-11,"https://archive.vn/HMvOi"
腾讯深网,01-25,九个武汉普通人家的别样除夕,"https://mp.weixin.qq.com/s/mP9BJ-7Jjvkg-5dd2cvRqQ",shenwang-1,"http://archive.is/95tQJ"
腾讯深网,01-27,95后小伙除夕春节蹲守工厂三天，为湖北亲朋抢寄出上万个口罩,"https://mp.weixin.qq.com/s/IzizQkZlR1CVgLZPTD8mRw",shenwang-2,"http://archive.is/zh3Tf"
腾讯深网,01-28,一位武汉诗人的小镇隔离日记：同事昨天感染了，从崩溃到重生,"https://mp.weixin.qq.com/s/qjm3vH-GA1qUz9hNMECEkg",shenwang-3,"http://archive.is/LNZ1z"
腾讯深网,01-29,武汉支援医护车队司机自述：初一凌晨两点，我接到了去医院的第一单,"https://mp.weixin.qq.com/s/kfEKgJvBKGxtkV3u1rZHSg",shenwang-4,"http://archive.is/piEEi"
腾讯深网,01-30,一位黄石餐饮老板的抗疫日记：退订3千桌团年饭，免费为医院送盒饭,"https://mp.weixin.qq.com/s/9R9zNZ0MGYc0WwDWcWQFsA",shenwang-5,"http://archive.is/JpWVP"
腾讯深网,01-31,流血的人类抗毒史，是一场悲壮的长征,"https://mp.weixin.qq.com/s/QJKLXhGjuBfa_A6iQMZWRA",shenwang-6,"http://archive.is/mBSuc"
腾讯深网,02-01,黄冈基层民警的抗疫日记：春节六天回家一次，饿了老乡家吃碗面,"https://mp.weixin.qq.com/s/YPfrMTGToGUWs8FVpMQkLw",shenwang-7,"http://archive.is/rPbxF"
腾讯深网,02-02,京东武汉战事：金银潭医院500米处，为机枪手递上子弹,"https://mp.weixin.qq.com/s/0BvECo4bwvmx6fc-807scw",shenwang-8,"http://archive.is/bzOey"
腾讯深网,02-03,33吨钢材火线驰援：19个小时、1100公里直抵雷神山,"https://mp.weixin.qq.com/s/1eCvcbovu1G_1D5BzqVgKw",shenwang-9,"http://archive.is/wq2sq"
腾讯深网,02-04,一位治愈患者的抗疫日记：走过生死考验，我总结了这六个建议,"https://mp.weixin.qq.com/s/3oTkd0s4OsrqM1EiPoys3Q",shenwang-10,"http://archive.is/lHHg8"
腾讯深网,02-06,一位教育培训创业者的抗疫计划：我们准备这样扛过三个月,"https://mp.weixin.qq.com/s/O00QQMVXRuLAaLIbcN5XuQ",shenwang-11,"http://archive.ph/wip/tgCBm"
故事FM,01-26,五个武汉人的封城日记,"https://mp.weixin.qq.com/s/0CfHc9OqmP9rNGIaznnoHQ",gushi-1,"https://archive.vn/G9eIQ"
故事FM,02-02,武汉医生工作见闻：下了班，我还得帮科室抢物资,"https://mp.weixin.qq.com/s/GMtH8mWqfYe8HGnlakTdug",gushi-2,"http://archive.ph/8FI2F"
故事FM,02-03,三个武汉人的外地隔离日记,"https://mp.weixin.qq.com/s/4p4rD_V9W5HblfkAChSwVg",gushi-3,"http://archive.ph/Ye6VJ"
云林街十七号,02-02,武汉城里的白血病人,"https://mp.weixin.qq.com/s/A6umF9iVQCrfOKbrlbcWoA",yunlin-1,"http://archive.ph/kl5Xu"
云林街十七号,02-03,深夜，我在武汉等一辆救护车,"https://mp.weixin.qq.com/s/Y81RfSUijuAJPNJRYf6J4g",yunlin-2,"http://archive.ph/IYxS5"
云林街十七号,02-04,我在监控里，看着武汉城里的爸爸和奶奶,"https://mp.weixin.qq.com/s/3CRfraXnNL8BUSIKc68y-Q",yunlin-3,"http://archive.ph/THS4n"
云林街十七号,02-05,“我们住在一个家，却无法一起见面”,"https://mp.weixin.qq.com/s/2Y29GH8WvTKaiR2nCH-IFA",yunlin-4,"http://archive.ph/KA0wG"
偶尔治愈,01-17,"武汉病毒纪事——2020 年的第一场疫情","https://w.url.cn/s/AYOFgxx",ouerzhiyu-1,"http://archive.ph/E9KPm"
偶尔治愈,01-27,武汉不设防,"https://mp.weixin.qq.com/s/_H8_U41jm02-Z7opzOPSiw",ouerzhiyu-2,"http://archive.ph/C7XKa"
偶尔治愈,01-31,"除夕夜自我隔离的武汉人和 100 套防护服曲折路","https://mp.weixin.qq.com/s/gIfjcaMuzadobmDvXkq77g",ouerzhiyu-3,"http://archive.ph/FAXHl"
偶尔治愈,02-04,"武汉现场：核酸检测来不及，能用 CT 影像确诊新冠肺炎吗？","https://mp.weixin.qq.com/s/wgAYDAFCRJ-UKWD6CZ6ViA",ouerzhiyu-4,"http://archive.ph/wip/lvTn3"
偶尔治愈,02-05,"父亲被隔离 6 天后，疫情阴影下的残障少年之死","https://mp.weixin.qq.com/s/qQiIITJpHQowiITg6NDGDw",ouerzhiyu-5,"http://archive.ph/1XK7m"
女孩别怕,01-27,确诊两天后去世，但官方没有他的名字：六个湖北女孩的封城日记,"https://mp.weixin.qq.com/s/bdMSA_DDTYkZhUout2KauQ",nvhai-1,"https://archive.vn/OF4n5"
女孩别怕,01-30,疫情下的海外华人：孤立、恐慌、种族歧视和鼓励,"https://mp.weixin.qq.com/s/-Z0FwcTUQezsdoUAArhWMA",nvhai-2,"https://archive.vn/yvdyW"
女孩别怕,01-31,外国人眼里的疫情中国：唱国歌，喝蝙蝠汤和只相信政府的中国人,"https://mp.weixin.qq.com/s/qF9UYXx0q-tDTJ9AJDaaaw",nvhai-3,"https://archive.vn/zxSzD"
女孩别怕,02-03,我的「抗疫」日记：濒临死亡时，我给家人留了告别视频,"https://mp.weixin.qq.com/s/gmj0YbodxxTTmxVBdmU7WQ",nvhai-4,"http://archive.ph/RgCQt"
大米和小米,01-29,家人疑似新冠肺炎被隔离，湖北17岁脑瘫儿独自在家6天后死亡,"https://mp.weixin.qq.com/s?__biz=MzA4NDgzMjk3Ng==&mid=2650799792&idx=1&sn=58d76d718bb86c4cd94769127aa33c90&chksm=87ea790fb09df019eb55a333f551dea838b2f9b7cc6d19d47b4661111e5af59fd6f3cd24280b&scene=126&sessionid=1580532221&key=008658d21f0cfb819412c46f0f67f616ebee8d3cea0c0dce9efc0b9cf81559964c13d61a1c545bc91503ad62829ba22e3863d969fbce51539e1c3aadeec68b1ae3847deed91d94be901d85e2e123d739&ascene=1&uin=MTE4NzU2NTYyOQ%3D%3D&devicetype=Windows+10&version=6208006f&lang=zh_CN&exportkey=A0r%2FFcOfI%2B%2BZoc9YHSy5ShE%3D&pass_ticket=MyOZVmDvzUptdoALL%2BSN9RRALdIcJwET%2BGt1a8OxjSTfIomR188qf6TCxSM0pD0K",dami-1,"https://archive.vn/n4odp"
大米和小米,01-31,湖北17岁脑瘫儿死亡前一天，父亲多次拨打120和110求助无果,"https://mp.weixin.qq.com/s/_kgcFgzKW_tPNuzXlLVllg",dami-2,"https://archive.vn/mJdmX"
轮到你了,01-30,有谁想去武汉？我们7个摄影记者全部报了名：武汉一线摄影师专访,"https://mp.weixin.qq.com/s/nZecHSVTjFMqk0qCKhvc5w",lundao-1,"https://archive.vn/W5SXB"
轮到你了,02-04,我想让大家看到，武汉到底发生了什么：武汉一线摄影师专访,"https://mp.weixin.qq.com/s/TK6RDPjPMwMN7-4U5deRxA",lundao-2,"http://archive.ph/22qbI"
一条,01-29,媒体不死！武汉一线记者口述实录,"https://mp.weixin.qq.com/s/zvYFAwO3mTm50HS8RA_PpQ",yitiao-1,"https://archive.vn/KhdKV"
